{
  "headers": {
    "access-control-expose-headers": "X-TypeScript-Types",
    "alt-svc": "h3=\":443\"; ma=86400, h3-29=\":443\"; ma=86400",
    "x-typescript-types": "https://esm.sh/v103/preact@10.11.0/hooks/src/index.d.ts",
    "cache-control": "public, max-age=86400",
    "content-type": "application/javascript; charset=utf-8",
    "cf-cache-status": "HIT",
    "server": "cloudflare",
    "cf-ray": "78af2a74be7b8384-KIX",
    "vary": "Origin, User-Agent, Accept-Encoding",
    "access-control-allow-origin": "*",
    "nel": "{\"success_fraction\":0,\"report_to\":\"cf-nel\",\"max_age\":604800}",
    "date": "Tue, 17 Jan 2023 12:41:34 GMT",
    "report-to": "{\"endpoints\":[{\"url\":\"https:\\/\\/a.nel.cloudflare.com\\/report\\/v3?s=SF0hj036U2HqyZpYipvK0DnnasYkejPjHn3Wi%2F6T3yc1nRZkddSdhHAyuDb7qrOUX8wvW7IiyNhkTEGCmvbmT%2BGqKeZ7qjzcbDj1i2NvpQ%2BtH5bEZBYRf7HwB0ZWdS4JV8uUD80%3D\"}],\"group\":\"cf-nel\",\"max_age\":604800}",
    "age": "5549",
    "x-content-source": "workers-kv",
    "last-modified": "Tue, 17 Jan 2023 11:09:05 GMT"
  },
  "url": "https://esm.sh/preact@10.11.0/hooks",
  "now": {
    "secs_since_epoch": 1673959295,
    "nanos_since_epoch": 618496100
  }
}