{
  "headers": {
    "cache-control": "public, max-age=31536000, immutable",
    "access-control-allow-origin": "*",
    "vary": "Origin, Accept-Encoding",
    "alt-svc": "h3=\":443\"; ma=86400, h3-29=\":443\"; ma=86400",
    "date": "Tue, 17 Jan 2023 12:41:34 GMT",
    "nel": "{\"success_fraction\":0,\"report_to\":\"cf-nel\",\"max_age\":604800}",
    "server": "cloudflare",
    "cf-ray": "78af2a750f0b8384-KIX",
    "report-to": "{\"endpoints\":[{\"url\":\"https:\\/\\/a.nel.cloudflare.com\\/report\\/v3?s=ycklCqYHtHliaY0a3oeLAP7sbXfFn%2BsJ2BR9wChrWn8K1Z2wEADGAXLiit3DqSEoMW8gLxrf9spwbwPsDlpvMDNHmfGd%2FJWQmJaddpW4ZwnKDS0hCXJXLOnuDx9tAS56EZdpUfQ%3D\"}],\"group\":\"cf-nel\",\"max_age\":604800}",
    "content-type": "application/typescript; charset=utf-8",
    "x-content-source": "workers-kv"
  },
  "url": "https://esm.sh/v103/preact@10.11.0/hooks/src/index.d.ts",
  "now": {
    "secs_since_epoch": 1673959295,
    "nanos_since_epoch": 937147200
  }
}