{
  "headers": {
    "alt-svc": "h3=\":443\"; ma=86400, h3-29=\":443\"; ma=86400",
    "access-control-allow-origin": "*",
    "content-type": "application/typescript; charset=utf-8",
    "x-content-source": "workers-kv",
    "report-to": "{\"endpoints\":[{\"url\":\"https:\\/\\/a.nel.cloudflare.com\\/report\\/v3?s=y78DYVjmVCUgbMUe8nXDoPuXsKbmgY%2FXSM5x8jYi1u0Y7OnMHQFRY0O%2BTJp%2BMxhY8M4kRANcWvaPyzPxoGFvr2TfunWNTUX1qI3hcTAG0Ga21UcFaN19fWTSV%2BrmMamL1hpy5Zc%3D\"}],\"group\":\"cf-nel\",\"max_age\":604800}",
    "cache-control": "public, max-age=31536000, immutable",
    "server": "cloudflare",
    "date": "Tue, 17 Jan 2023 12:41:36 GMT",
    "nel": "{\"success_fraction\":0,\"report_to\":\"cf-nel\",\"max_age\":604800}",
    "vary": "Origin, Accept-Encoding",
    "cf-ray": "78af2a79cf588384-KIX"
  },
  "url": "https://esm.sh/v103/csstype@3.1.1/index.d.ts",
  "now": {
    "secs_since_epoch": 1673959297,
    "nanos_since_epoch": 462265100
  }
}