{
  "headers": {
    "nel": "{\"success_fraction\":0,\"report_to\":\"cf-nel\",\"max_age\":604800}",
    "content-type": "text/javascript; charset=utf-8",
    "date": "Tue, 17 Jan 2023 12:41:35 GMT",
    "report-to": "{\"endpoints\":[{\"url\":\"https:\\/\\/a.nel.cloudflare.com\\/report\\/v3?s=VSi%2F9sMmC0SYAvcF8jMiW8s0ah1EK%2B1DODh4GTbIhdtcPEnt%2B1q2VI58L6f7DQnUsI7FuLlITbq4ZrO5PkV9BXAVAhylEodeb%2FAt2Ipg3wnRVIUobq9OWRPvKOj%2BVjyEjZWo10Q%3D\"}],\"group\":\"cf-nel\",\"max_age\":604800}",
    "vary": "Origin, Accept-Encoding",
    "access-control-allow-origin": "*",
    "alt-svc": "h3=\":443\"; ma=86400, h3-29=\":443\"; ma=86400",
    "cache-control": "public, max-age=31536000, immutable",
    "server": "cloudflare",
    "x-content-source": "workers-kv",
    "cf-ray": "78af2a79cf6c8384-KIX"
  },
  "url": "https://esm.sh/v103/preact-render-to-string@5.2.4/X-ZS8q/deno/preact-render-to-string.js",
  "now": {
    "secs_since_epoch": 1673959296,
    "nanos_since_epoch": 705305900
  }
}