{
  "headers": {
    "server": "cloudflare",
    "alt-svc": "h3=\":443\"; ma=86400, h3-29=\":443\"; ma=86400",
    "last-modified": "Tue, 17 Jan 2023 11:09:05 GMT",
    "cf-cache-status": "HIT",
    "date": "Tue, 17 Jan 2023 12:41:34 GMT",
    "vary": "Origin, Accept-Encoding",
    "report-to": "{\"endpoints\":[{\"url\":\"https:\\/\\/a.nel.cloudflare.com\\/report\\/v3?s=%2FO0VWoItnaKemCH1auQcIUXmC4eJWPsNL0DJ%2FzoOQKkUbh74GJHzsdqMN081qBWNvKHSEwr4nMvwW%2FvP0ehSxZcxtz3MxcEW6W1wKd1%2F7frxHNwn9ANdCqO2S6dWn9P7Le70dcU%3D\"}],\"group\":\"cf-nel\",\"max_age\":604800}",
    "nel": "{\"success_fraction\":0,\"report_to\":\"cf-nel\",\"max_age\":604800}",
    "content-type": "text/javascript; charset=utf-8",
    "access-control-allow-origin": "*",
    "x-content-source": "workers-kv",
    "cf-ray": "78af2a750f118384-KIX",
    "cache-control": "public, max-age=31536000, immutable",
    "age": "5549"
  },
  "url": "https://esm.sh/stable/preact@10.11.0/deno/preact.js",
  "now": {
    "secs_since_epoch": 1673959295,
    "nanos_since_epoch": 668867700
  }
}