{
  "headers": {
    "content-type": "application/typescript; charset=utf-8",
    "date": "Tue, 17 Jan 2023 12:41:34 GMT",
    "access-control-allow-origin": "*",
    "nel": "{\"success_fraction\":0,\"report_to\":\"cf-nel\",\"max_age\":604800}",
    "server": "cloudflare",
    "cf-ray": "78af2a753f608384-KIX",
    "alt-svc": "h3=\":443\"; ma=86400, h3-29=\":443\"; ma=86400",
    "report-to": "{\"endpoints\":[{\"url\":\"https:\\/\\/a.nel.cloudflare.com\\/report\\/v3?s=EAsuPyV1eutabHtq%2F%2BEGaq%2F6AQ5rUDLm0tegT2xZgCzeRjBguUCuy%2FLQzBjzsPGdarYa83kTX%2FS6WWyxSLmsrv9Ie44D7H2ehK3HMam9ZW5U29t%2B1HsKRivciuj79Jbz3o8m7Hg%3D\"}],\"group\":\"cf-nel\",\"max_age\":604800}",
    "vary": "Origin, Accept-Encoding",
    "cache-control": "public, max-age=31536000, immutable",
    "x-content-source": "workers-kv"
  },
  "url": "https://esm.sh/v103/twind@0.16.17/twind.d.ts",
  "now": {
    "secs_since_epoch": 1673959296,
    "nanos_since_epoch": 297861500
  }
}