{
  "headers": {
    "server": "cloudflare",
    "content-type": "text/javascript; charset=utf-8",
    "x-content-source": "workers-kv",
    "cache-control": "public, max-age=31536000, immutable",
    "date": "Tue, 17 Jan 2023 12:41:34 GMT",
    "report-to": "{\"endpoints\":[{\"url\":\"https:\\/\\/a.nel.cloudflare.com\\/report\\/v3?s=Sg%2FRSScMN79pdX8AH%2Bw%2BbT4LjN%2BJ9WmATm%2B8wIbL1njAx995ADvagPsq%2F4kmwciin1vgKqBfZsqv2wa1IDFd6zZjvPMql6C1rGfMuZoXYQiCQNjNgySnTkQ4SGR9bFAMPL%2FHjuQ%3D\"}],\"group\":\"cf-nel\",\"max_age\":604800}",
    "cf-ray": "78af2a753f5a8384-KIX",
    "vary": "Origin, Accept-Encoding",
    "cf-cache-status": "HIT",
    "access-control-allow-origin": "*",
    "age": "5549",
    "alt-svc": "h3=\":443\"; ma=86400, h3-29=\":443\"; ma=86400",
    "nel": "{\"success_fraction\":0,\"report_to\":\"cf-nel\",\"max_age\":604800}",
    "last-modified": "Tue, 17 Jan 2023 11:09:05 GMT"
  },
  "url": "https://esm.sh/v103/twind@0.16.17/deno/twind.js",
  "now": {
    "secs_since_epoch": 1673959295,
    "nanos_since_epoch": 699387000
  }
}