{
  "headers": {
    "vary": "Origin, Accept-Encoding",
    "cache-control": "public, max-age=31536000, immutable",
    "nel": "{\"success_fraction\":0,\"report_to\":\"cf-nel\",\"max_age\":604800}",
    "alt-svc": "h3=\":443\"; ma=86400, h3-29=\":443\"; ma=86400",
    "cf-ray": "78af2a750f0a8384-KIX",
    "cf-cache-status": "HIT",
    "date": "Tue, 17 Jan 2023 12:41:34 GMT",
    "server": "cloudflare",
    "age": "5549",
    "x-content-source": "workers-kv",
    "report-to": "{\"endpoints\":[{\"url\":\"https:\\/\\/a.nel.cloudflare.com\\/report\\/v3?s=v%2FfUg0SafYNOvmhbzgCjhy6n4n2TpAgNC4C9pT%2FB775APhjgN96flUiFjnrHwN3EJs6%2BbWSkgmytzKC6nx1LVTzeL4nx9skeK4HitMT4xNnI2eyNItQgQUz5c59EvS%2B5K2ZaMHU%3D\"}],\"group\":\"cf-nel\",\"max_age\":604800}",
    "access-control-allow-origin": "*",
    "last-modified": "Tue, 17 Jan 2023 11:09:05 GMT",
    "content-type": "text/javascript; charset=utf-8"
  },
  "url": "https://esm.sh/stable/preact@10.11.0/deno/hooks.js",
  "now": {
    "secs_since_epoch": 1673959295,
    "nanos_since_epoch": 681667300
  }
}