{
  "headers": {
    "report-to": "{\"endpoints\":[{\"url\":\"https:\\/\\/a.nel.cloudflare.com\\/report\\/v3?s=w8s%2F%2BELO40I1YV2rseJbSqnPI7OUFUbi3S83ng5HRQ9nysOqMPTWI%2FX1AEueAzizhLPraBG4FYmo1vF%2FXbh5zVafiWIZxvO5c2NqhpBtlFGadqXs9eJNmG06rTJlcToH5mbm8WY%3D\"}],\"group\":\"cf-nel\",\"max_age\":604800}",
    "content-type": "application/typescript; charset=utf-8",
    "x-content-source": "workers-kv",
    "cache-control": "public, max-age=31536000, immutable",
    "cf-ray": "78af2a750f0f8384-KIX",
    "access-control-allow-origin": "*",
    "nel": "{\"success_fraction\":0,\"report_to\":\"cf-nel\",\"max_age\":604800}",
    "date": "Tue, 17 Jan 2023 12:41:34 GMT",
    "server": "cloudflare",
    "alt-svc": "h3=\":443\"; ma=86400, h3-29=\":443\"; ma=86400",
    "vary": "Origin, Accept-Encoding"
  },
  "url": "https://esm.sh/v103/preact@10.11.0/jsx-runtime/src/index.d.ts",
  "now": {
    "secs_since_epoch": 1673959295,
    "nanos_since_epoch": 928902500
  }
}