{
  "headers": {
    "cf-ray": "78af2a74eed48384-KIX",
    "nel": "{\"success_fraction\":0,\"report_to\":\"cf-nel\",\"max_age\":604800}",
    "date": "Tue, 17 Jan 2023 12:41:34 GMT",
    "vary": "Origin, User-Agent, Accept-Encoding",
    "content-type": "application/javascript; charset=utf-8",
    "x-content-source": "workers-kv",
    "x-typescript-types": "https://esm.sh/v103/twind@0.16.17/twind.d.ts",
    "last-modified": "Tue, 17 Jan 2023 11:09:05 GMT",
    "access-control-allow-origin": "*",
    "server": "cloudflare",
    "access-control-expose-headers": "X-TypeScript-Types",
    "cf-cache-status": "HIT",
    "report-to": "{\"endpoints\":[{\"url\":\"https:\\/\\/a.nel.cloudflare.com\\/report\\/v3?s=UbiQV6lRC5cMGCQObWr5am1Vas7%2F54OC5aOpItweFqXWgtZrgHISWtU2%2BAAhdH05Fh5gP5UsoSmr%2F%2FPcsRMelC8eidNXxEA2pbavRfJ2Iw1%2B5BuTZjojCGW1svPZ53uMMyWHVo4%3D\"}],\"group\":\"cf-nel\",\"max_age\":604800}",
    "age": "5549",
    "alt-svc": "h3=\":443\"; ma=86400, h3-29=\":443\"; ma=86400",
    "cache-control": "public, max-age=86400"
  },
  "url": "https://esm.sh/twind@0.16.17",
  "now": {
    "secs_since_epoch": 1673959295,
    "nanos_since_epoch": 641720600
  }
}