{
  "headers": {
    "alt-svc": "h3=\":443\"; ma=86400, h3-29=\":443\"; ma=86400",
    "vary": "Origin, Accept-Encoding",
    "server": "cloudflare",
    "x-content-source": "workers-kv",
    "content-type": "text/javascript; charset=utf-8",
    "report-to": "{\"endpoints\":[{\"url\":\"https:\\/\\/a.nel.cloudflare.com\\/report\\/v3?s=GgrFhqepZVhLk2%2B1HqJl%2F5VP2PXB07fSV4poCggIeLX28pRv6trlSHL0t9J8Y%2FN%2FfG7VDFPeN%2BJy%2BcyC5dpDaYm5YeyEO%2FN60E%2FfNcZsol8hK4ZrgMXmHhWGFKZP4tDUhA3VTvk%3D\"}],\"group\":\"cf-nel\",\"max_age\":604800}",
    "last-modified": "Tue, 17 Jan 2023 11:09:06 GMT",
    "nel": "{\"success_fraction\":0,\"report_to\":\"cf-nel\",\"max_age\":604800}",
    "cf-ray": "78af2a750f0c8384-KIX",
    "access-control-allow-origin": "*",
    "age": "5548",
    "cache-control": "public, max-age=31536000, immutable",
    "date": "Tue, 17 Jan 2023 12:41:34 GMT",
    "cf-cache-status": "HIT"
  },
  "url": "https://esm.sh/stable/preact@10.11.0/deno/jsx-runtime.js",
  "now": {
    "secs_since_epoch": 1673959295,
    "nanos_since_epoch": 677564000
  }
}