{
  "headers": {
    "x-content-source": "workers-kv",
    "alt-svc": "h3=\":443\"; ma=86400, h3-29=\":443\"; ma=86400",
    "content-type": "application/javascript; charset=utf-8",
    "cf-ray": "78af2a74be7c8384-KIX",
    "x-typescript-types": "https://esm.sh/v103/preact@10.11.0/src/index.d.ts",
    "server": "cloudflare",
    "nel": "{\"success_fraction\":0,\"report_to\":\"cf-nel\",\"max_age\":604800}",
    "cf-cache-status": "HIT",
    "cache-control": "public, max-age=86400",
    "access-control-expose-headers": "X-TypeScript-Types",
    "access-control-allow-origin": "*",
    "report-to": "{\"endpoints\":[{\"url\":\"https:\\/\\/a.nel.cloudflare.com\\/report\\/v3?s=YdbDHSAQo30KbvYZW3MKIdGv8caQMP1cDSRk6jSL6eH63%2BWKDAVP6nFykneStsEll1tOyX%2Fo22GTVmlqFCQC9Wt1N7WbFrTUTaRzW3pJMvDa8A3b1QLkhE4kESXps80kabFMoHI%3D\"}],\"group\":\"cf-nel\",\"max_age\":604800}",
    "last-modified": "Tue, 17 Jan 2023 11:09:05 GMT",
    "age": "5549",
    "date": "Tue, 17 Jan 2023 12:41:34 GMT",
    "vary": "Origin, User-Agent, Accept-Encoding"
  },
  "url": "https://esm.sh/preact@10.11.0",
  "now": {
    "secs_since_epoch": 1673959295,
    "nanos_since_epoch": 626276600
  }
}