{
  "headers": {
    "last-modified": "Tue, 17 Jan 2023 11:09:06 GMT",
    "cache-control": "public, max-age=31536000, immutable",
    "x-content-source": "workers-kv",
    "nel": "{\"success_fraction\":0,\"report_to\":\"cf-nel\",\"max_age\":604800}",
    "date": "Tue, 17 Jan 2023 12:41:34 GMT",
    "age": "5548",
    "content-type": "text/javascript; charset=utf-8",
    "cf-ray": "78af2a758fd98384-KIX",
    "vary": "Origin, Accept-Encoding",
    "cf-cache-status": "HIT",
    "server": "cloudflare",
    "alt-svc": "h3=\":443\"; ma=86400, h3-29=\":443\"; ma=86400",
    "access-control-allow-origin": "*",
    "report-to": "{\"endpoints\":[{\"url\":\"https:\\/\\/a.nel.cloudflare.com\\/report\\/v3?s=Ou70aOKy4DoES9dKDJBHUWjeNIyAcLOdXKW%2FT3lAniP4Dux%2Bj7SJmoqQ97ENNysNCrmBZjDXVpdCDh3PbEjKfF%2FlqfX83Khjasa%2BkgPrtcz6OLyTd09LO5%2BshoFUtZglfMvN67c%3D\"}],\"group\":\"cf-nel\",\"max_age\":604800}"
  },
  "url": "https://esm.sh/v103/style-vendorizer@2.2.3/deno/style-vendorizer.js",
  "now": {
    "secs_since_epoch": 1673959295,
    "nanos_since_epoch": 799163500
  }
}