{
  "headers": {
    "cache-control": "public, max-age=31536000, immutable",
    "access-control-allow-origin": "*",
    "vary": "Origin, Accept-Encoding",
    "nel": "{\"success_fraction\":0,\"report_to\":\"cf-nel\",\"max_age\":604800}",
    "cf-ray": "78af2a76d9c68384-KIX",
    "x-content-source": "workers-kv",
    "alt-svc": "h3=\":443\"; ma=86400, h3-29=\":443\"; ma=86400",
    "content-type": "application/typescript; charset=utf-8",
    "report-to": "{\"endpoints\":[{\"url\":\"https:\\/\\/a.nel.cloudflare.com\\/report\\/v3?s=1O3lFO8F%2F79vhn%2B1%2FbbLJEe7l5YbYryCj1ncLCb71CYFy8Z0fnq0K2kJ7V%2BktbqqaOrlYx5GNbyHeATiiRDWJCjuengj44bFX%2Bao%2F1YAogGy%2BQO50Hyox16jFk0rk7GoaobRW1A%3D\"}],\"group\":\"cf-nel\",\"max_age\":604800}",
    "date": "Tue, 17 Jan 2023 12:41:34 GMT",
    "server": "cloudflare"
  },
  "url": "https://esm.sh/v103/preact@10.11.0/src/jsx.d.ts",
  "now": {
    "secs_since_epoch": 1673959296,
    "nanos_since_epoch": 315813200
  }
}