{
  "headers": {
    "cache-control": "public, max-age=31536000, immutable",
    "vary": "Origin, Accept-Encoding",
    "alt-svc": "h3=\":443\"; ma=86400, h3-29=\":443\"; ma=86400",
    "content-type": "text/javascript; charset=utf-8",
    "server": "cloudflare",
    "date": "Tue, 17 Jan 2023 12:41:35 GMT",
    "access-control-allow-origin": "*",
    "nel": "{\"success_fraction\":0,\"report_to\":\"cf-nel\",\"max_age\":604800}",
    "cf-ray": "78af2a79cf5a8384-KIX",
    "x-content-source": "workers-kv",
    "report-to": "{\"endpoints\":[{\"url\":\"https:\\/\\/a.nel.cloudflare.com\\/report\\/v3?s=Mh1kEvQbTRVeQsN26Bng%2FxOw7ossJ1cDiAzDhukdZLVIbdJXAyH7Mpkldn6cC3DaQEaCDqMWJxEJUIse5rBOLVzNWNzRISpycFz6dujvKBExuRcGTTl3jjuxQNTAcjJOIA2Lnwc%3D\"}],\"group\":\"cf-nel\",\"max_age\":604800}"
  },
  "url": "https://esm.sh/v103/twind@0.16.17/deno/sheets.js",
  "now": {
    "secs_since_epoch": 1673959296,
    "nanos_since_epoch": 685961100
  }
}