{
  "headers": {
    "report-to": "{\"endpoints\":[{\"url\":\"https:\\/\\/a.nel.cloudflare.com\\/report\\/v3?s=ECmOCKl8easnurA0205RALpsa9l%2BVS%2B6Q71DuL5F8M8hO2yRd%2BomLUqRDMKaHO3MV%2Blb0770mV8IfFhE3APUbkOttuc4S9muONVsV96iNGNEMTntpEpeCqZLvcjCbLiGzxVkI44%3D\"}],\"group\":\"cf-nel\",\"max_age\":604800}",
    "date": "Tue, 17 Jan 2023 12:41:35 GMT",
    "content-type": "application/typescript; charset=utf-8",
    "cache-control": "public, max-age=31536000, immutable",
    "cf-ray": "78af2a79cf5c8384-KIX",
    "server": "cloudflare",
    "nel": "{\"success_fraction\":0,\"report_to\":\"cf-nel\",\"max_age\":604800}",
    "access-control-allow-origin": "*",
    "vary": "Origin, Accept-Encoding",
    "alt-svc": "h3=\":443\"; ma=86400, h3-29=\":443\"; ma=86400",
    "x-content-source": "workers-kv"
  },
  "url": "https://esm.sh/v103/twind@0.16.17/sheets/sheets.d.ts",
  "now": {
    "secs_since_epoch": 1673959296,
    "nanos_since_epoch": 764043300
  }
}