{
  "headers": {
    "alt-svc": "h3=\":443\"; ma=86400, h3-29=\":443\"; ma=86400",
    "vary": "Origin, Accept-Encoding",
    "cf-ray": "78af2a79cf6e8384-KIX",
    "access-control-allow-origin": "*",
    "x-content-source": "workers-kv",
    "cache-control": "public, max-age=31536000, immutable",
    "report-to": "{\"endpoints\":[{\"url\":\"https:\\/\\/a.nel.cloudflare.com\\/report\\/v3?s=vujfcozU7cUeNuLv837gc2llz%2Byur4Kk32ybb6vaDwPAyWu5kxqPPKFB3avj1SD%2BOLnH%2F2u%2BVFYtmsX%2FemnWjmJQQ8fA%2FY7tOII2VjpwbXtVKGhaz7UMZv2NMEpMG1v9iKN2Du4%3D\"}],\"group\":\"cf-nel\",\"max_age\":604800}",
    "date": "Tue, 17 Jan 2023 12:41:35 GMT",
    "content-type": "application/typescript; charset=utf-8",
    "nel": "{\"success_fraction\":0,\"report_to\":\"cf-nel\",\"max_age\":604800}",
    "server": "cloudflare"
  },
  "url": "https://esm.sh/v103/preact-render-to-string@5.2.4/X-ZS8q/src/index.d.ts",
  "now": {
    "secs_since_epoch": 1673959296,
    "nanos_since_epoch": 700723000
  }
}