{
  "headers": {
    "access-control-expose-headers": "X-TypeScript-Types",
    "nel": "{\"success_fraction\":0,\"report_to\":\"cf-nel\",\"max_age\":604800}",
    "vary": "Origin, User-Agent, Accept-Encoding",
    "content-type": "application/javascript; charset=utf-8",
    "cache-control": "public, max-age=86400",
    "access-control-allow-origin": "*",
    "report-to": "{\"endpoints\":[{\"url\":\"https:\\/\\/a.nel.cloudflare.com\\/report\\/v3?s=m8vRxHgbBBl%2BeVjweO8qUNrklFi7pSSW%2B2uqMSp9ep%2Fo%2BFsB5DERSFhDLdUslDdlsPXKrMewNhWyTR9v%2Fb%2FuOrV2WgtqJxP8iN0VBTpJ3KOFLU5d3SOYZyZUxKa5HwaPDuGmPI8%3D\"}],\"group\":\"cf-nel\",\"max_age\":604800}",
    "date": "Tue, 17 Jan 2023 12:41:34 GMT",
    "server": "cloudflare",
    "cf-ray": "78af2a758fd88384-KIX",
    "x-typescript-types": "https://esm.sh/v103/preact-render-to-string@5.2.4/X-ZS8q/src/index.d.ts",
    "alt-svc": "h3=\":443\"; ma=86400, h3-29=\":443\"; ma=86400",
    "x-content-source": "workers-kv"
  },
  "url": "https://esm.sh/*preact-render-to-string@5.2.4",
  "now": {
    "secs_since_epoch": 1673959296,
    "nanos_since_epoch": 397817200
  }
}