{
  "headers": {
    "access-control-allow-origin": "*",
    "server": "cloudflare",
    "access-control-expose-headers": "X-TypeScript-Types",
    "report-to": "{\"endpoints\":[{\"url\":\"https:\\/\\/a.nel.cloudflare.com\\/report\\/v3?s=VLmDcSmXIXN5P1%2BQb%2FS%2Be5xGuA5mlvhq4NGfID1uDSubiBCB9kkJqE6c8Ysl%2F%2F%2Bve6wQmXqceBC0Je3H29TooAN4OxCzflfptCQbgoYvn%2FAvct4NuAgkrP0GW31FfnWLxI0UYiM%3D\"}],\"group\":\"cf-nel\",\"max_age\":604800}",
    "cf-ray": "78af2a74be7d8384-KIX",
    "cache-control": "public, max-age=86400",
    "date": "Tue, 17 Jan 2023 12:41:34 GMT",
    "alt-svc": "h3=\":443\"; ma=86400, h3-29=\":443\"; ma=86400",
    "vary": "Origin, User-Agent, Accept-Encoding",
    "x-content-source": "workers-kv",
    "content-type": "application/javascript; charset=utf-8",
    "nel": "{\"success_fraction\":0,\"report_to\":\"cf-nel\",\"max_age\":604800}",
    "x-typescript-types": "https://esm.sh/v103/twind@0.16.17/sheets/sheets.d.ts"
  },
  "url": "https://esm.sh/twind@0.16.17/sheets",
  "now": {
    "secs_since_epoch": 1673959296,
    "nanos_since_epoch": 312574500
  }
}