{
  "headers": {
    "nel": "{\"success_fraction\":0,\"report_to\":\"cf-nel\",\"max_age\":604800}",
    "date": "Tue, 17 Jan 2023 12:41:34 GMT",
    "report-to": "{\"endpoints\":[{\"url\":\"https:\\/\\/a.nel.cloudflare.com\\/report\\/v3?s=kh%2FSmYZYuYtdN3JfkAmpdhy3kED2p0jP7gfLkKNlpFMRr%2B9VSHHdGGVh7z%2BJYxSyZx6NY5qHQo1y4QbDF3BOJh6UD2O1qGJen10NOXLlgM73dKJfKn3E4z2XILkOO5QhxXEwU4s%3D\"}],\"group\":\"cf-nel\",\"max_age\":604800}",
    "vary": "Origin, Accept-Encoding",
    "access-control-allow-origin": "*",
    "cache-control": "public, max-age=31536000, immutable",
    "x-content-source": "workers-kv",
    "content-type": "application/typescript; charset=utf-8",
    "server": "cloudflare",
    "cf-ray": "78af2a750f128384-KIX",
    "alt-svc": "h3=\":443\"; ma=86400, h3-29=\":443\"; ma=86400"
  },
  "url": "https://esm.sh/v103/preact@10.11.0/src/index.d.ts",
  "now": {
    "secs_since_epoch": 1673959296,
    "nanos_since_epoch": 291852000
  }
}