{
  "headers": {
    "x-typescript-types": "https://esm.sh/v103/preact@10.11.0/jsx-runtime/src/index.d.ts",
    "content-type": "application/javascript; charset=utf-8",
    "alt-svc": "h3=\":443\"; ma=86400, h3-29=\":443\"; ma=86400",
    "access-control-allow-origin": "*",
    "nel": "{\"success_fraction\":0,\"report_to\":\"cf-nel\",\"max_age\":604800}",
    "cache-control": "public, max-age=86400",
    "access-control-expose-headers": "X-TypeScript-Types",
    "age": "5549",
    "date": "Tue, 17 Jan 2023 12:41:34 GMT",
    "last-modified": "Tue, 17 Jan 2023 11:09:05 GMT",
    "cf-ray": "78af2a74be768384-KIX",
    "vary": "Origin, User-Agent, Accept-Encoding",
    "cf-cache-status": "HIT",
    "x-content-source": "workers-kv",
    "report-to": "{\"endpoints\":[{\"url\":\"https:\\/\\/a.nel.cloudflare.com\\/report\\/v3?s=jAHV3UA3bDhJaE5cKh49VDv1oacEf3L6pCRc%2Bh1rbvGMniDtMrsv%2B%2BKKJCcjcMJ903D22BPhKuwB7y7hUqNr%2B9qyYZ7tPJDUynZKgS9igrO3Xp7dMtJMBlHFRNuMNUdNXEG7IS0%3D\"}],\"group\":\"cf-nel\",\"max_age\":604800}",
    "server": "cloudflare"
  },
  "url": "https://esm.sh/preact@10.11.0/jsx-runtime",
  "now": {
    "secs_since_epoch": 1673959295,
    "nanos_since_epoch": 621800100
  }
}