{
  "headers": {
    "cache-control": "public, max-age=31536000, immutable",
    "x-cache": "Hit from cloudfront",
    "date": "Fri, 09 Dec 2022 08:13:09 GMT",
    "content-type": "application/javascript",
    "access-control-allow-origin": "*",
    "vary": "Accept-Encoding, Origin",
    "x-amz-cf-id": "tdVEgt2RW6Ws2JY2ZUD8mvC6FYTOdhnSJ4AATrEjGiv2y3b6r0rMbQ==",
    "x-amz-replication-status": "COMPLETED",
    "content-security-policy": "default-src 'none'; style-src 'unsafe-inline'; sandbox",
    "server": "deno/gcp-asia-northeast2",
    "age": "3385706",
    "x-amz-cf-pop": "NRT51-C4",
    "via": "http/2 edgeproxy-h",
    "etag": "W/\"38f248451c1dd4b7e5e0999c8ae38765\"",
    "last-modified": "Thu, 28 Jul 2022 15:33:34 GMT",
    "x-amz-version-id": "HAQmo4O.hOTa7nnINRKwOp70pHdvnYpq"
  },
  "url": "https://deno.land/x/esbuild@v0.14.51/mod.js",
  "now": {
    "secs_since_epoch": 1673959295,
    "nanos_since_epoch": 751673100
  }
}