{
  "headers": {
    "via": "http/2 edgeproxy-h",
    "last-modified": "Sat, 03 Sep 2022 01:48:11 GMT",
    "server": "deno/gcp-asia-northeast2",
    "content-security-policy": "default-src 'none'; style-src 'unsafe-inline'; sandbox",
    "x-amz-cf-id": "9aGVv2pLeUkOz8ouu7sQ8SRxdrLFYFiRbipnTZnXWZkI9B3RbCBA8A==",
    "cache-control": "public, max-age=31536000, immutable",
    "access-control-allow-origin": "*",
    "content-type": "application/javascript",
    "x-amz-cf-pop": "NRT51-C4",
    "x-amz-replication-status": "COMPLETED",
    "x-cache": "Hit from cloudfront",
    "date": "Sat, 03 Dec 2022 09:20:48 GMT",
    "vary": "Accept-Encoding, Origin",
    "etag": "W/\"4fe704daebd40c89db74af76fb92bff2\"",
    "age": "3900042",
    "x-amz-version-id": "0VUSoU3uICDFwOlNv_Hd9YGMlPJftD_6"
  },
  "url": "https://deno.land/x/ts_morph@16.0.0/ts_morph.js",
  "now": {
    "secs_since_epoch": 1673959292,
    "nanos_since_epoch": 432190000
  }
}