{
  "headers": {
    "server": "deno/gcp-asia-northeast2",
    "vary": "Accept-Encoding, Origin",
    "x-amz-cf-pop": "NRT51-C4",
    "cache-control": "public, max-age=31536000, immutable",
    "last-modified": "Wed, 18 May 2022 13:28:52 GMT",
    "x-cache": "Hit from cloudfront",
    "date": "Mon, 28 Nov 2022 12:11:22 GMT",
    "x-amz-version-id": "eO8kwQCjxLI_HPyEv8i1MvByqsAxzJX7",
    "via": "http/2 edgeproxy-h",
    "access-control-allow-origin": "*",
    "content-type": "application/typescript; charset=utf-8",
    "content-length": "2020",
    "x-amz-replication-status": "COMPLETED",
    "x-amz-cf-id": "pfmUUIy-qyCdYjgkgENvZ4pdzNUq6MBclkbKL7Mdid6-bAZBQl-6eg==",
    "accept-ranges": "bytes",
    "age": "4321810",
    "etag": "\"255503184d1896a15e7d4e7332151dc3\"",
    "content-security-policy": "default-src 'none'; style-src 'unsafe-inline'; sandbox"
  },
  "url": "https://deno.land/std@0.140.0/path/_constants.ts",
  "now": {
    "secs_since_epoch": 1673959294,
    "nanos_since_epoch": 672994500
  }
}