{
  "headers": {
    "etag": "\"24716c302cf99f45a64c8c60baeea444\"",
    "content-security-policy": "default-src 'none'; style-src 'unsafe-inline'; sandbox",
    "via": "http/2 edgeproxy-h",
    "accept-ranges": "bytes",
    "vary": "Accept-Encoding, Origin",
    "x-amz-replication-status": "COMPLETED",
    "server": "deno/gcp-asia-northeast2",
    "age": "4537651",
    "access-control-allow-origin": "*",
    "date": "Sat, 26 Nov 2022 00:14:01 GMT",
    "x-amz-cf-id": "UUox34VHs0oXQ2vRq5O6pKFiKls9JXIYfN1_BGuAXUbqGmHoewBoDg==",
    "x-cache": "Hit from cloudfront",
    "content-length": "443",
    "cache-control": "public, max-age=31536000, immutable",
    "last-modified": "Wed, 18 May 2022 13:28:48 GMT",
    "x-amz-cf-pop": "NRT51-C4",
    "x-amz-version-id": "eJV8rf.W9mvxm3WQ265UAM6x9.wwhJ_t",
    "content-type": "application/typescript; charset=utf-8"
  },
  "url": "https://deno.land/std@0.140.0/_util/assert.ts",
  "now": {
    "secs_since_epoch": 1673959294,
    "nanos_since_epoch": 658017600
  }
}