{
  "headers": {
    "age": "4438127",
    "x-cache": "Hit from cloudfront",
    "content-length": "37",
    "x-amz-version-id": "KI1RXWPMd1o8Rl6RFJGFvcXF20VUKo1P",
    "content-type": "application/typescript; charset=utf-8",
    "last-modified": "Tue, 11 Oct 2022 11:20:49 GMT",
    "content-security-policy": "default-src 'none'; style-src 'unsafe-inline'; sandbox",
    "x-amz-cf-id": "TsxzMOBlw4u6J23Vox0YqTsVV4rEvFwyYnGe9y4-KLGwDDdxYK-9SQ==",
    "x-amz-cf-pop": "NRT51-C4",
    "etag": "\"f89186ea7f5577ea5af9d309b570d498\"",
    "access-control-allow-origin": "*",
    "cache-control": "public, max-age=31536000, immutable",
    "accept-ranges": "bytes",
    "vary": "Accept-Encoding, Origin",
    "via": "http/2 edgeproxy-h",
    "date": "Sun, 27 Nov 2022 03:52:48 GMT",
    "x-amz-replication-status": "COMPLETED",
    "server": "deno/gcp-asia-northeast2"
  },
  "url": "https://deno.land/x/fresh@1.1.2/server.ts",
  "now": {
    "secs_since_epoch": 1673959295,
    "nanos_since_epoch": 575850200
  }
}