{
  "headers": {
    "last-modified": "Tue, 11 Oct 2022 11:20:49 GMT",
    "x-amz-version-id": "s5aTS_jpeD4sGHbMDupcTauS_DcjRE_y",
    "x-amz-cf-id": "K8uKCflJCKOOLP_8XomrN9qEa6ZfknifaSbXM6EUGi06tX5Z-bp33w==",
    "accept-ranges": "bytes",
    "cache-control": "public, max-age=31536000, immutable",
    "access-control-allow-origin": "*",
    "vary": "Accept-Encoding, Origin",
    "etag": "\"8b703289a44551a7c45d60f6acfbd3b1\"",
    "content-length": "8125",
    "server": "deno/gcp-asia-northeast2",
    "x-amz-cf-pop": "NRT51-C4",
    "x-cache": "Hit from cloudfront",
    "date": "Wed, 14 Dec 2022 12:42:23 GMT",
    "age": "2937551",
    "x-amz-replication-status": "COMPLETED",
    "content-type": "application/typescript; charset=utf-8",
    "via": "http/2 edgeproxy-h",
    "content-security-policy": "default-src 'none'; style-src 'unsafe-inline'; sandbox"
  },
  "url": "https://deno.land/x/fresh@1.1.2/src/server/types.ts",
  "now": {
    "secs_since_epoch": 1673959295,
    "nanos_since_epoch": 646147800
  }
}