{
  "headers": {
    "cache-control": "public, max-age=31536000, immutable",
    "content-length": "2897",
    "content-security-policy": "default-src 'none'; style-src 'unsafe-inline'; sandbox",
    "via": "http/2 edgeproxy-h",
    "x-amz-version-id": "7fIHpFzF3drZoS.UAPNAi6tyShAAPCLI",
    "x-amz-cf-pop": "NRT51-C4",
    "accept-ranges": "bytes",
    "x-cache": "Hit from cloudfront",
    "x-amz-replication-status": "COMPLETED",
    "access-control-allow-origin": "*",
    "last-modified": "Thu, 28 Jul 2022 16:20:39 GMT",
    "content-type": "application/typescript; charset=utf-8",
    "x-amz-cf-id": "s9Gia0ymVy0qnwT5yMWvhDJyyFq5AI0dcJZ3owcXRV-v-qzHcsdqAQ==",
    "vary": "Accept-Encoding, Origin",
    "age": "4273538",
    "date": "Tue, 29 Nov 2022 01:35:56 GMT",
    "etag": "\"59f8287160bcc9f3bb7387ebfd7703a8\"",
    "server": "deno/gcp-asia-northeast2"
  },
  "url": "https://deno.land/std@0.150.0/async/pool.ts",
  "now": {
    "secs_since_epoch": 1673959296,
    "nanos_since_epoch": 352553300
  }
}