{
  "headers": {
    "vary": "Accept-Encoding, Origin",
    "server": "deno/gcp-asia-northeast2",
    "via": "http/2 edgeproxy-h",
    "content-length": "460",
    "content-type": "application/typescript; charset=utf-8",
    "x-amz-version-id": "H6GDjviYWLbBawtFWB7EFkJvJxkQ4cYw",
    "x-amz-cf-id": "iK7_sHgNua-PQ45QbR6WhnNehYc8S6hxYyT9I64A90hbQ6O8-vRN7g==",
    "x-cache": "Hit from cloudfront",
    "access-control-allow-origin": "*",
    "cache-control": "public, max-age=31536000, immutable",
    "etag": "\"f30aac362fd745b74637d64db06ad232\"",
    "last-modified": "Thu, 28 Jul 2022 16:20:39 GMT",
    "content-security-policy": "default-src 'none'; style-src 'unsafe-inline'; sandbox",
    "x-amz-cf-pop": "NRT51-C4",
    "x-amz-replication-status": "COMPLETED",
    "accept-ranges": "bytes",
    "date": "Mon, 19 Dec 2022 08:18:25 GMT",
    "age": "2521390"
  },
  "url": "https://deno.land/std@0.150.0/async/mod.ts",
  "now": {
    "secs_since_epoch": 1673959295,
    "nanos_since_epoch": 860869600
  }
}