{
  "headers": {
    "vary": "Accept-Encoding, Origin",
    "content-type": "application/javascript",
    "x-amz-cf-id": "hpfki7biX17Gf1G9aiUK53k_XGLBUXZvXpGrxUuGZgQEDDKb5oVKSw==",
    "x-cache": "Hit from cloudfront",
    "server": "deno/gcp-asia-northeast2",
    "via": "http/2 edgeproxy-h",
    "content-security-policy": "default-src 'none'; style-src 'unsafe-inline'; sandbox",
    "x-amz-version-id": "cJGLKVYj5npKDrTKmKJ8Qfk1E27iGu2I",
    "age": "3521250",
    "x-amz-cf-pop": "NRT51-C4",
    "x-amz-replication-status": "COMPLETED",
    "date": "Wed, 07 Dec 2022 18:34:02 GMT",
    "access-control-allow-origin": "*",
    "cache-control": "public, max-age=31536000, immutable",
    "last-modified": "Sat, 03 Sep 2022 01:48:11 GMT",
    "etag": "W/\"0998a8cdb702b65f1a2c9e3c76a7a037\""
  },
  "url": "https://deno.land/x/ts_morph@16.0.0/common/ts_morph_common.js",
  "now": {
    "secs_since_epoch": 1673959292,
    "nanos_since_epoch": 756027100
  }
}