{
  "headers": {
    "content-length": "3781",
    "cache-control": "public, max-age=31536000, immutable",
    "vary": "Accept-Encoding, Origin",
    "access-control-allow-origin": "*",
    "via": "http/2 edgeproxy-h",
    "server": "deno/gcp-asia-northeast2",
    "x-amz-replication-status": "COMPLETED",
    "etag": "\"2042eeec8b4199ea0c9e0762037abf58\"",
    "date": "Sun, 04 Dec 2022 01:55:30 GMT",
    "x-amz-cf-id": "_I6hROZRVVquqV5fXun0YQ6hozfcr9p9nrX4uVvXbYi3WtuI3aslJA==",
    "x-amz-version-id": "_syerR.mNdDAZjD3083aEYNdkf0hhqJj",
    "x-cache": "Hit from cloudfront",
    "content-security-policy": "default-src 'none'; style-src 'unsafe-inline'; sandbox",
    "x-amz-cf-pop": "NRT51-C4",
    "age": "3840362",
    "accept-ranges": "bytes",
    "content-type": "application/typescript; charset=utf-8",
    "last-modified": "Wed, 18 May 2022 13:28:52 GMT"
  },
  "url": "https://deno.land/std@0.140.0/path/_util.ts",
  "now": {
    "secs_since_epoch": 1673959294,
    "nanos_since_epoch": 668928800
  }
}