{
  "headers": {
    "last-modified": "Thu, 28 Jul 2022 16:20:39 GMT",
    "content-length": "632",
    "access-control-allow-origin": "*",
    "x-cache": "Hit from cloudfront",
    "x-amz-cf-id": "2K2TaMncy1gihXvljU3_DERCP4ug9fv5Otlgv-pK27pLmsjPusUaXg==",
    "content-type": "application/typescript; charset=utf-8",
    "date": "Sat, 17 Dec 2022 01:27:51 GMT",
    "accept-ranges": "bytes",
    "x-amz-replication-status": "COMPLETED",
    "cache-control": "public, max-age=31536000, immutable",
    "x-amz-version-id": "3OXxQpi2hQVhHoPV2y3pfPF5Zek1K3Lu",
    "etag": "\"b3fbdc7cf1be75414fc8f81abe2c58d8\"",
    "vary": "Accept-Encoding, Origin",
    "x-amz-cf-pop": "NRT51-C4",
    "server": "deno/gcp-asia-northeast2",
    "via": "http/2 edgeproxy-h",
    "content-security-policy": "default-src 'none'; style-src 'unsafe-inline'; sandbox",
    "age": "2718821"
  },
  "url": "https://deno.land/std@0.150.0/_util/os.ts",
  "now": {
    "secs_since_epoch": 1673959292,
    "nanos_since_epoch": 654829700
  }
}