{
  "headers": {
    "x-cache": "Hit from cloudfront",
    "accept-ranges": "bytes",
    "content-type": "application/typescript; charset=utf-8",
    "x-amz-cf-id": "3rX4ywo_i3qRLNvVlGAHBxp0pnIhuEe87KUgUbWjzY5Ff9zWXK7yRA==",
    "x-amz-version-id": "CJxlPFrDS1g.KZxlWGGkvUTIbsTJtXeV",
    "x-amz-replication-status": "COMPLETED",
    "age": "4707805",
    "content-length": "5163",
    "date": "Thu, 24 Nov 2022 00:58:06 GMT",
    "vary": "Accept-Encoding, Origin",
    "cache-control": "public, max-age=31536000, immutable",
    "last-modified": "Tue, 11 Oct 2022 11:20:49 GMT",
    "content-security-policy": "default-src 'none'; style-src 'unsafe-inline'; sandbox",
    "access-control-allow-origin": "*",
    "server": "deno/gcp-asia-northeast2",
    "x-amz-cf-pop": "NRT51-C4",
    "etag": "\"fd7d726a062bdf64832864f69a1d4d2e\"",
    "via": "http/2 edgeproxy-h"
  },
  "url": "https://deno.land/x/fresh@1.1.2/src/dev/mod.ts",
  "now": {
    "secs_since_epoch": 1673959292,
    "nanos_since_epoch": 237648700
  }
}