{
  "headers": {
    "age": "3234093",
    "cache-control": "public, max-age=31536000, immutable",
    "content-length": "2787",
    "x-amz-cf-id": "dDfVBvWqIURoG2Gra5YlF0FGlqJYnrgh4iE2t3Pgeuajjm8D4w84mg==",
    "access-control-allow-origin": "*",
    "etag": "\"10968aa75569cdcb5dda4ba9779697cb\"",
    "accept-ranges": "bytes",
    "content-security-policy": "default-src 'none'; style-src 'unsafe-inline'; sandbox",
    "server": "deno/gcp-asia-northeast2",
    "date": "Sun, 11 Dec 2022 02:20:02 GMT",
    "last-modified": "Sat, 30 Jul 2022 14:25:26 GMT",
    "via": "http/2 edgeproxy-h",
    "content-type": "application/typescript; charset=utf-8",
    "x-amz-cf-pop": "NRT51-C4",
    "x-cache": "Hit from cloudfront",
    "vary": "Accept-Encoding, Origin",
    "x-amz-replication-status": "COMPLETED",
    "x-amz-version-id": "1qtpjqu0kYE6ez_DRRjXgM8EhDgPui4f"
  },
  "url": "https://deno.land/x/esbuild_deno_loader@0.5.2/mod.ts",
  "now": {
    "secs_since_epoch": 1673959295,
    "nanos_since_epoch": 840463700
  }
}