{
  "headers": {
    "accept-ranges": "bytes",
    "access-control-allow-origin": "*",
    "x-amz-cf-pop": "NRT51-C4",
    "x-amz-replication-status": "COMPLETED",
    "content-length": "29390",
    "vary": "Accept-Encoding, Origin",
    "server": "deno/gcp-asia-northeast2",
    "cache-control": "public, max-age=31536000, immutable",
    "via": "http/2 edgeproxy-h",
    "x-amz-version-id": "SlMnEIj8tUmwAIpNkDg._255iWXu3Gdz",
    "etag": "\"4094b7570063979ac7b5ef47c703ab0a\"",
    "x-amz-cf-id": "HVu5GFD6x5Z4fDavJhpadKNLBG-opnTe6ywV5CzxMneIdgx8JWN5-Q==",
    "content-type": "application/typescript; charset=utf-8",
    "date": "Fri, 25 Nov 2022 14:16:26 GMT",
    "content-security-policy": "default-src 'none'; style-src 'unsafe-inline'; sandbox",
    "x-cache": "Hit from cloudfront",
    "age": "4573506",
    "last-modified": "Fri, 29 Jul 2022 20:07:20 GMT"
  },
  "url": "https://deno.land/x/code_block_writer@11.0.3/mod.ts",
  "now": {
    "secs_since_epoch": 1673959292,
    "nanos_since_epoch": 677777200
  }
}