{
  "headers": {
    "age": "3555214",
    "content-security-policy": "default-src 'none'; style-src 'unsafe-inline'; sandbox",
    "server": "deno/gcp-asia-northeast2",
    "x-cache": "Hit from cloudfront",
    "x-amz-cf-id": "iA0m9lEsbg2c-6_X4mVTvh2L8gNTOa1y-8zpqKVGUYxMtXcpwvwqcA==",
    "accept-ranges": "bytes",
    "x-amz-cf-pop": "NRT51-C4",
    "date": "Wed, 07 Dec 2022 09:08:01 GMT",
    "cache-control": "public, max-age=31536000, immutable",
    "x-amz-version-id": "1wTPueq_cYjEHRzaxr9QX2aG8qSVv304",
    "access-control-allow-origin": "*",
    "via": "http/2 edgeproxy-h",
    "etag": "\"603ab0c0d4e125147d94e6e283421bf4\"",
    "content-length": "2002",
    "x-amz-replication-status": "COMPLETED",
    "content-type": "application/typescript; charset=utf-8",
    "vary": "Accept-Encoding, Origin",
    "last-modified": "Thu, 28 Jul 2022 16:20:39 GMT"
  },
  "url": "https://deno.land/std@0.150.0/async/mux_async_iterator.ts",
  "now": {
    "secs_since_epoch": 1673959296,
    "nanos_since_epoch": 343779400
  }
}