{
  "headers": {
    "server": "deno/gcp-asia-northeast2",
    "x-amz-cf-id": "ovIjt8L8c1YoEwBxI2-5S4C_lo9FLv_kx7Kx0gvS-IxoAtXGc9Q8Gw==",
    "x-amz-cf-pop": "NRT51-C4",
    "last-modified": "Thu, 28 Jul 2022 15:33:34 GMT",
    "via": "http/2 edgeproxy-h",
    "etag": "W/\"e6e1a80eddd7d45dc60bdaca2b16c6eb\"",
    "cache-control": "public, max-age=31536000, immutable",
    "content-security-policy": "default-src 'none'; style-src 'unsafe-inline'; sandbox",
    "content-type": "application/javascript",
    "access-control-allow-origin": "*",
    "x-cache": "Hit from cloudfront",
    "vary": "Accept-Encoding, Origin",
    "x-amz-replication-status": "COMPLETED",
    "age": "3095759",
    "x-amz-version-id": "8JnJowgjg.A7FV5fDqVBoxIJyafx2nF3",
    "date": "Mon, 12 Dec 2022 16:45:36 GMT"
  },
  "url": "https://deno.land/x/esbuild@v0.14.51/wasm.js",
  "now": {
    "secs_since_epoch": 1673959295,
    "nanos_since_epoch": 816504100
  }
}