{
  "headers": {
    "content-length": "10498",
    "content-type": "application/typescript; charset=utf-8",
    "last-modified": "Tue, 11 Oct 2022 11:20:49 GMT",
    "via": "http/2 edgeproxy-h",
    "x-amz-cf-pop": "NRT51-C4",
    "access-control-allow-origin": "*",
    "date": "Tue, 22 Nov 2022 03:58:54 GMT",
    "x-cache": "Hit from cloudfront",
    "etag": "\"3d50d7ead61b15f916e39db993010079\"",
    "content-security-policy": "default-src 'none'; style-src 'unsafe-inline'; sandbox",
    "age": "4869760",
    "accept-ranges": "bytes",
    "vary": "Accept-Encoding, Origin",
    "cache-control": "public, max-age=31536000, immutable",
    "x-amz-cf-id": "IOmX84ZT8Qio8PaRv77wB5ZKqdPsoUin-MYezzOHOMhDiAoKT1y1TA==",
    "x-amz-replication-status": "COMPLETED",
    "server": "deno/gcp-asia-northeast2",
    "x-amz-version-id": "bRV3CO_qmENh1M2WY2EKWCPuVrln6ukJ"
  },
  "url": "https://deno.land/x/fresh@1.1.2/src/server/render.ts",
  "now": {
    "secs_since_epoch": 1673959295,
    "nanos_since_epoch": 692886500
  }
}