{
  "headers": {
    "content-security-policy": "default-src 'none'; style-src 'unsafe-inline'; sandbox",
    "etag": "\"fb1d21f5fe2c53e06bd925dc2ec1e47b\"",
    "accept-ranges": "bytes",
    "access-control-allow-origin": "*",
    "last-modified": "Tue, 11 Oct 2022 11:20:49 GMT",
    "cache-control": "public, max-age=31536000, immutable",
    "content-length": "4274",
    "content-type": "application/typescript; charset=utf-8",
    "age": "3840334",
    "date": "Sun, 04 Dec 2022 01:56:01 GMT",
    "vary": "Accept-Encoding, Origin",
    "x-cache": "Hit from cloudfront",
    "server": "deno/gcp-asia-northeast2",
    "via": "http/2 edgeproxy-h",
    "x-amz-cf-id": "hdC6avr2UuKh3lgaOiDI0Q0k6kEoBgIPleRsfFnuo0TZc8H3Y0jL7g==",
    "x-amz-cf-pop": "NRT51-C4",
    "x-amz-version-id": "6s9Nk0.o1qqGSqI6z1N6a2tQIDh3nlld",
    "x-amz-replication-status": "COMPLETED"
  },
  "url": "https://deno.land/x/fresh@1.1.2/src/server/bundle.ts",
  "now": {
    "secs_since_epoch": 1673959295,
    "nanos_since_epoch": 729918700
  }
}