{
  "headers": {
    "content-length": "1496",
    "access-control-allow-origin": "*",
    "x-amz-cf-id": "O5aTxv98mKR2MLbXubFf3276qpsQTl-YpMCsZAm3byflgqcmjEq-BQ==",
    "x-amz-replication-status": "COMPLETED",
    "last-modified": "Mon, 20 Dec 2021 14:29:12 GMT",
    "x-cache": "Hit from cloudfront",
    "age": "2894223",
    "server": "deno/gcp-asia-northeast2",
    "via": "http/2 edgeproxy-h",
    "content-type": "application/typescript; charset=utf-8",
    "vary": "Accept-Encoding, Origin",
    "accept-ranges": "bytes",
    "content-security-policy": "default-src 'none'; style-src 'unsafe-inline'; sandbox",
    "x-amz-version-id": "ahvMJVs.Qfv_QEgeD5A5GHfF_iv0oRHi",
    "cache-control": "public, max-age=31536000, immutable",
    "etag": "\"810bdec35c6559eca8489d7293196c87\"",
    "x-amz-cf-pop": "NRT51-C4",
    "date": "Thu, 15 Dec 2022 00:44:33 GMT"
  },
  "url": "https://deno.land/x/importmap@0.2.1/_util.ts",
  "now": {
    "secs_since_epoch": 1673959296,
    "nanos_since_epoch": 459480400
  }
}