{
  "headers": {
    "x-amz-replication-status": "COMPLETED",
    "x-amz-version-id": "WE5qcg6h0y850EfIoFBXt1lL95K4Yqrn",
    "content-length": "29890",
    "etag": "\"d62484095f7d1f4a78b5a04726050545\"",
    "accept-ranges": "bytes",
    "server": "deno/gcp-asia-northeast2",
    "last-modified": "Thu, 28 Jul 2022 16:20:44 GMT",
    "x-amz-cf-id": "QRxw7xYYyG4V1sSu0bmbfWLhzwpHLP-HvO59yVNPAL8rQRT_sY3JBg==",
    "vary": "Accept-Encoding, Origin",
    "content-security-policy": "default-src 'none'; style-src 'unsafe-inline'; sandbox",
    "via": "http/2 edgeproxy-h",
    "age": "4573506",
    "access-control-allow-origin": "*",
    "x-cache": "Hit from cloudfront",
    "cache-control": "public, max-age=31536000, immutable",
    "content-type": "application/typescript; charset=utf-8",
    "date": "Fri, 25 Nov 2022 14:16:25 GMT",
    "x-amz-cf-pop": "NRT51-C4"
  },
  "url": "https://deno.land/std@0.150.0/path/win32.ts",
  "now": {
    "secs_since_epoch": 1673959292,
    "nanos_since_epoch": 641475900
  }
}