{
  "headers": {
    "cache-control": "public, max-age=31536000, immutable",
    "x-cache": "Hit from cloudfront",
    "accept-ranges": "bytes",
    "access-control-allow-origin": "*",
    "server": "deno/gcp-asia-northeast2",
    "last-modified": "Tue, 11 Oct 2022 11:20:49 GMT",
    "x-amz-version-id": "qRSrj22LNMkAwvZiVLtUbKeb1tDAH9yW",
    "content-security-policy": "default-src 'none'; style-src 'unsafe-inline'; sandbox",
    "etag": "\"10ce8637360b6e30dad3c581c7cd952b\"",
    "content-type": "application/typescript; charset=utf-8",
    "via": "http/2 edgeproxy-h",
    "x-amz-cf-pop": "NRT51-C4",
    "age": "3840363",
    "x-amz-replication-status": "COMPLETED",
    "content-length": "217",
    "vary": "Accept-Encoding, Origin",
    "x-amz-cf-id": "T6yvtCE-HcxXvy1D6SGED450U68hlDZ8HTgSGQQ8QC_lyUGnEeERaw==",
    "date": "Sun, 04 Dec 2022 01:55:28 GMT"
  },
  "url": "https://deno.land/x/fresh@1.1.2/src/dev/error.ts",
  "now": {
    "secs_since_epoch": 1673959292,
    "nanos_since_epoch": 262568400
  }
}