{
  "headers": {
    "vary": "Accept-Encoding, Origin",
    "content-type": "application/typescript; charset=utf-8",
    "date": "Mon, 19 Dec 2022 08:18:26 GMT",
    "x-amz-cf-id": "Yi5t1W5iCiCVaMg93jh7CHRiwH34SlTDP5exH0Ddrq1MKll6GTi5Cw==",
    "cache-control": "public, max-age=31536000, immutable",
    "etag": "\"1a71fac618f94a2c5aa3922b7b360d35\"",
    "x-amz-version-id": "cT0swE3BRlUrGNuZuwm.o4vdifMVHVt7",
    "age": "2521389",
    "via": "http/2 edgeproxy-h",
    "x-amz-replication-status": "COMPLETED",
    "x-amz-cf-pop": "NRT51-C4",
    "accept-ranges": "bytes",
    "last-modified": "Thu, 28 Jul 2022 16:20:39 GMT",
    "server": "deno/gcp-asia-northeast2",
    "x-cache": "Hit from cloudfront",
    "access-control-allow-origin": "*",
    "content-security-policy": "default-src 'none'; style-src 'unsafe-inline'; sandbox",
    "content-length": "2180"
  },
  "url": "https://deno.land/std@0.150.0/async/tee.ts",
  "now": {
    "secs_since_epoch": 1673959295,
    "nanos_since_epoch": 933121300
  }
}