{
  "headers": {
    "accept-ranges": "bytes",
    "x-amz-cf-id": "tU7wUEMh0Ghk-gYpjyuBWMtMBT_TwJzkwF3_54Mm9HUF0VYSoo6Iow==",
    "x-amz-version-id": "poOT3De2xFImrnWUpqO3LDoU6wJldl2F",
    "cache-control": "public, max-age=31536000, immutable",
    "x-amz-replication-status": "COMPLETED",
    "etag": "\"1a71fac618f94a2c5aa3922b7b360d35\"",
    "x-amz-cf-pop": "NRT51-C4",
    "access-control-allow-origin": "*",
    "x-cache": "Hit from cloudfront",
    "server": "deno/gcp-asia-northeast2",
    "vary": "Accept-Encoding, Origin",
    "via": "http/2 edgeproxy-h",
    "last-modified": "Thu, 11 Aug 2022 17:50:56 GMT",
    "age": "2521390",
    "content-type": "application/typescript; charset=utf-8",
    "date": "Mon, 19 Dec 2022 08:18:25 GMT",
    "content-security-policy": "default-src 'none'; style-src 'unsafe-inline'; sandbox",
    "content-length": "2180"
  },
  "url": "https://deno.land/std@0.152.0/async/tee.ts",
  "now": {
    "secs_since_epoch": 1673959296,
    "nanos_since_epoch": 348040100
  }
}