{
  "headers": {
    "cache-control": "public, max-age=31536000, immutable",
    "content-length": "1836",
    "x-amz-cf-pop": "NRT51-C4",
    "last-modified": "Sat, 30 Jul 2022 14:25:26 GMT",
    "age": "2894222",
    "content-security-policy": "default-src 'none'; style-src 'unsafe-inline'; sandbox",
    "content-type": "application/typescript; charset=utf-8",
    "x-amz-cf-id": "-f69FQKuGIH50JyoNhl1bw2YxcDFz08QGv_UY4uoik3YcpkPxGpUpA==",
    "server": "deno/gcp-asia-northeast2",
    "date": "Thu, 15 Dec 2022 00:44:33 GMT",
    "vary": "Accept-Encoding, Origin",
    "etag": "\"fea4aa7e4298011ce38a416314a342f1\"",
    "x-cache": "Hit from cloudfront",
    "via": "http/2 edgeproxy-h",
    "access-control-allow-origin": "*",
    "x-amz-replication-status": "COMPLETED",
    "x-amz-version-id": "nvOgF5zKUaGsk.GDhVj1RhiDIHEM0cdJ",
    "accept-ranges": "bytes"
  },
  "url": "https://deno.land/x/esbuild_deno_loader@0.5.2/src/native_loader.ts",
  "now": {
    "secs_since_epoch": 1673959295,
    "nanos_since_epoch": 907427200
  }
}