{
  "headers": {
    "date": "Fri, 09 Dec 2022 06:51:35 GMT",
    "last-modified": "Wed, 18 May 2022 13:28:50 GMT",
    "age": "3390597",
    "content-length": "1425",
    "x-cache": "Hit from cloudfront",
    "x-amz-version-id": "3e5QYmMYofqhF6Oyyo1rLEes8xX.6Ynh",
    "via": "http/2 edgeproxy-h",
    "content-security-policy": "default-src 'none'; style-src 'unsafe-inline'; sandbox",
    "server": "deno/gcp-asia-northeast2",
    "cache-control": "public, max-age=31536000, immutable",
    "x-amz-replication-status": "COMPLETED",
    "etag": "\"0b49825de91174189a129b821e585165\"",
    "x-amz-cf-id": "NUaN-cyg1vu6QQXPy1PGD3euP610S9Dfq5nZNkK4I9WijBHJFz0OoA==",
    "accept-ranges": "bytes",
    "x-amz-cf-pop": "NRT51-C4",
    "content-type": "application/typescript; charset=utf-8",
    "vary": "Accept-Encoding, Origin",
    "access-control-allow-origin": "*"
  },
  "url": "https://deno.land/std@0.140.0/fs/ensure_dir.ts",
  "now": {
    "secs_since_epoch": 1673959293,
    "nanos_since_epoch": 56259100
  }
}