{
  "headers": {
    "accept-ranges": "bytes",
    "etag": "\"c10a924fe7624338eca2f5d0a7ac6c67\"",
    "cache-control": "public, max-age=31536000, immutable",
    "server": "deno/gcp-asia-northeast2",
    "vary": "Accept-Encoding, Origin",
    "x-amz-cf-pop": "NRT51-C4",
    "x-cache": "Hit from cloudfront",
    "age": "3907193",
    "content-security-policy": "default-src 'none'; style-src 'unsafe-inline'; sandbox",
    "date": "Sat, 03 Dec 2022 07:21:41 GMT",
    "x-amz-cf-id": "FJcnem-Fj8WDzOPRDyeElMYt0gn-hwsU0L9bv8MXfVIh6DAbk2XWqA==",
    "x-amz-replication-status": "COMPLETED",
    "content-length": "1565",
    "access-control-allow-origin": "*",
    "via": "http/2 edgeproxy-h",
    "x-amz-version-id": "hZ20d_rhi9fMu12q6bNrUz228sfWT9X3",
    "content-type": "application/typescript; charset=utf-8",
    "last-modified": "Tue, 11 Oct 2022 11:20:49 GMT"
  },
  "url": "https://deno.land/x/fresh@1.1.2/src/server/mod.ts",
  "now": {
    "secs_since_epoch": 1673959295,
    "nanos_since_epoch": 609566500
  }
}