{
  "headers": {
    "access-control-allow-origin": "*",
    "x-amz-cf-id": "ZiTKGPpqACKoLD1wb-4Nz4FR-o2X7gJuIBJSnHzi8NgrPcyJdfUjUA==",
    "etag": "\"6a8cc40040fb9c917ab343ddb38a84af\"",
    "vary": "Accept-Encoding, Origin",
    "x-amz-version-id": "o0Oa_wbgJVcaJ4BV.apRt7APH15c0B9k",
    "server": "deno/gcp-asia-northeast2",
    "accept-ranges": "bytes",
    "cache-control": "public, max-age=31536000, immutable",
    "date": "Sun, 11 Dec 2022 02:20:02 GMT",
    "content-security-policy": "default-src 'none'; style-src 'unsafe-inline'; sandbox",
    "content-length": "827",
    "x-cache": "Hit from cloudfront",
    "content-type": "application/typescript; charset=utf-8",
    "x-amz-cf-pop": "NRT51-C4",
    "age": "3234093",
    "x-amz-replication-status": "COMPLETED",
    "via": "http/2 edgeproxy-h",
    "last-modified": "Thu, 28 Jul 2022 16:20:39 GMT"
  },
  "url": "https://deno.land/std@0.150.0/async/delay.ts",
  "now": {
    "secs_since_epoch": 1673959296,
    "nanos_since_epoch": 334585800
  }
}