{
  "headers": {
    "server": "deno/gcp-asia-northeast2",
    "vary": "Accept-Encoding, Origin",
    "via": "http/2 edgeproxy-h",
    "content-security-policy": "default-src 'none'; style-src 'unsafe-inline'; sandbox",
    "last-modified": "Sat, 03 Sep 2022 01:48:11 GMT",
    "access-control-allow-origin": "*",
    "content-length": "78",
    "x-cache": "Hit from cloudfront",
    "age": "3673884",
    "x-amz-cf-pop": "NRT51-C4",
    "accept-ranges": "bytes",
    "cache-control": "public, max-age=31536000, immutable",
    "etag": "\"d8b20d144b953db61a4e182b690b9174\"",
    "x-amz-version-id": "G77yumZy7ZulEcVzl7c5mM3SX51zCL51",
    "date": "Tue, 06 Dec 2022 00:10:08 GMT",
    "content-type": "application/typescript; charset=utf-8",
    "x-amz-cf-id": "_89nUGskAV6ENM3Qht151gWr4WREt_l6hjEe6abK3AhPdFIzIjCLQQ==",
    "x-amz-replication-status": "COMPLETED"
  },
  "url": "https://deno.land/x/ts_morph@16.0.0/common/mod.ts",
  "now": {
    "secs_since_epoch": 1673959292,
    "nanos_since_epoch": 687461800
  }
}