{
  "headers": {
    "x-cache": "Hit from cloudfront",
    "content-length": "728",
    "via": "http/2 edgeproxy-h",
    "accept-ranges": "bytes",
    "x-amz-cf-id": "n9PyFbZFUuO9LnbsbqDEKTGoMHJUK4qujJim55mh-jtsaJi_laKs1w==",
    "x-amz-version-id": "8XnLEvnN4.J6PRptmXlDUVIn8d8YY5E3",
    "etag": "\"380ba60d0483610db92bc7b3a3b207d4\"",
    "cache-control": "public, max-age=31536000, immutable",
    "access-control-allow-origin": "*",
    "server": "deno/gcp-asia-northeast2",
    "vary": "Accept-Encoding, Origin",
    "content-type": "application/typescript; charset=utf-8",
    "age": "4187508",
    "date": "Wed, 30 Nov 2022 01:29:44 GMT",
    "x-amz-replication-status": "COMPLETED",
    "content-security-policy": "default-src 'none'; style-src 'unsafe-inline'; sandbox",
    "last-modified": "Thu, 28 Jul 2022 16:20:44 GMT",
    "x-amz-cf-pop": "NRT51-C4"
  },
  "url": "https://deno.land/std@0.150.0/path/_interface.ts",
  "now": {
    "secs_since_epoch": 1673959292,
    "nanos_since_epoch": 657916500
  }
}