{
  "headers": {
    "last-modified": "Thu, 28 Jul 2022 16:20:41 GMT",
    "x-amz-replication-status": "COMPLETED",
    "x-cache": "Hit from cloudfront",
    "via": "http/2 edgeproxy-h",
    "x-amz-cf-id": "yi_FScNxaVG6OVVwR-kqbgSaFwjm33vIH2aW09txdRiQLekFm1-sug==",
    "vary": "Accept-Encoding, Origin",
    "age": "2791310",
    "access-control-allow-origin": "*",
    "content-type": "application/typescript; charset=utf-8",
    "x-amz-version-id": "9xXK63qh9hYOWVeIk5mKIaA0eyiBVhCg",
    "content-length": "1791",
    "etag": "\"3afc8aaef456616669c58504da282825\"",
    "content-security-policy": "default-src 'none'; style-src 'unsafe-inline'; sandbox",
    "x-amz-cf-pop": "NRT51-C4",
    "date": "Fri, 16 Dec 2022 05:19:42 GMT",
    "accept-ranges": "bytes",
    "cache-control": "public, max-age=31536000, immutable",
    "server": "deno/gcp-asia-northeast2"
  },
  "url": "https://deno.land/std@0.150.0/fs/_util.ts",
  "now": {
    "secs_since_epoch": 1673959292,
    "nanos_since_epoch": 630973500
  }
}