{
  "headers": {
    "accept-ranges": "bytes",
    "via": "http/2 edgeproxy-h",
    "access-control-allow-origin": "*",
    "vary": "Accept-Encoding, Origin",
    "cache-control": "public, max-age=31536000, immutable",
    "age": "3570084",
    "x-amz-version-id": "afOJKiOxvw_h9HoReQJOGYipUvXKtowQ",
    "server": "deno/gcp-asia-northeast2",
    "x-cache": "Hit from cloudfront",
    "etag": "\"ffc3ceeff1fe8bd6ad310f88aceabe62\"",
    "x-amz-cf-id": "BQtd2WcR6AZaxigK__M1hyvtn8uNFCDrF9UudXPWFFUMLUyiRFOjNg==",
    "x-amz-replication-status": "COMPLETED",
    "content-length": "14992",
    "x-amz-cf-pop": "NRT51-C4",
    "content-type": "application/typescript; charset=utf-8",
    "content-security-policy": "default-src 'none'; style-src 'unsafe-inline'; sandbox",
    "last-modified": "Wed, 18 May 2022 13:28:52 GMT",
    "date": "Wed, 07 Dec 2022 05:00:08 GMT"
  },
  "url": "https://deno.land/std@0.140.0/path/posix.ts",
  "now": {
    "secs_since_epoch": 1673959293,
    "nanos_since_epoch": 327766700
  }
}