{
  "headers": {
    "content-type": "application/typescript; charset=utf-8",
    "last-modified": "Tue, 11 Oct 2022 11:20:49 GMT",
    "via": "http/2 edgeproxy-h",
    "access-control-allow-origin": "*",
    "cache-control": "public, max-age=31536000, immutable",
    "age": "3902747",
    "content-security-policy": "default-src 'none'; style-src 'unsafe-inline'; sandbox",
    "x-amz-version-id": "ktx2j9d0QPI7_SIVXv9xncaZVgWE7wv2",
    "accept-ranges": "bytes",
    "x-amz-cf-id": "kHwx7AwWZ9jkdzaWELHG5ZnjDWMJIT66W176dGtrG2PX00CyjhiiZA==",
    "x-cache": "Hit from cloudfront",
    "date": "Sat, 03 Dec 2022 08:35:48 GMT",
    "server": "deno/gcp-asia-northeast2",
    "content-length": "117",
    "x-amz-cf-pop": "NRT51-C4",
    "vary": "Accept-Encoding, Origin",
    "etag": "\"cf8dcc395a18345c585d4e808c57eb06\"",
    "x-amz-replication-status": "COMPLETED"
  },
  "url": "https://deno.land/x/fresh@1.1.2/runtime.ts",
  "now": {
    "secs_since_epoch": 1673959295,
    "nanos_since_epoch": 564505000
  }
}