{
  "headers": {
    "x-amz-version-id": "PnMMtqtEKeYZJK47C5zWYEMg03HcRv34",
    "server": "deno/gcp-asia-northeast2",
    "accept-ranges": "bytes",
    "etag": "\"6a8cc40040fb9c917ab343ddb38a84af\"",
    "x-cache": "Hit from cloudfront",
    "via": "http/2 edgeproxy-h",
    "vary": "Accept-Encoding, Origin",
    "cache-control": "public, max-age=31536000, immutable",
    "x-amz-cf-id": "5k1J8Mx5ZfBRj-x-fb_L9V9DLOiTNf86yghCyl7ALW3Dap_hOiedgA==",
    "content-length": "827",
    "content-security-policy": "default-src 'none'; style-src 'unsafe-inline'; sandbox",
    "content-type": "application/typescript; charset=utf-8",
    "x-amz-cf-pop": "NRT51-C4",
    "access-control-allow-origin": "*",
    "age": "2521390",
    "last-modified": "Thu, 11 Aug 2022 17:50:56 GMT",
    "x-amz-replication-status": "COMPLETED",
    "date": "Mon, 19 Dec 2022 08:18:25 GMT"
  },
  "url": "https://deno.land/std@0.152.0/async/delay.ts",
  "now": {
    "secs_since_epoch": 1673959296,
    "nanos_since_epoch": 373445300
  }
}