{
  "headers": {
    "etag": "\"67e333baafd0d36075ba26dab9a06645\"",
    "x-amz-replication-status": "COMPLETED",
    "x-amz-version-id": "cm_3H62LMFWb1.Jorp.KJ0nTzNPvm61q",
    "last-modified": "Thu, 28 Jul 2022 16:20:41 GMT",
    "x-cache": "Hit from cloudfront",
    "date": "Sat, 03 Dec 2022 07:21:42 GMT",
    "content-type": "application/typescript; charset=utf-8",
    "via": "http/2 edgeproxy-h",
    "server": "deno/gcp-asia-northeast2",
    "access-control-allow-origin": "*",
    "accept-ranges": "bytes",
    "cache-control": "public, max-age=31536000, immutable",
    "x-amz-cf-pop": "NRT51-C4",
    "age": "3907193",
    "content-length": "10210",
    "vary": "Accept-Encoding, Origin",
    "x-amz-cf-id": "SXrzlu-lrtpB9ZIPsxD9CVLbNR63Ezf8mfy-RnRbAloRUuUsrF6Cmg==",
    "content-security-policy": "default-src 'none'; style-src 'unsafe-inline'; sandbox"
  },
  "url": "https://deno.land/std@0.150.0/http/http_status.ts",
  "now": {
    "secs_since_epoch": 1673959295,
    "nanos_since_epoch": 745255100
  }
}