{
  "headers": {
    "vary": "Accept-Encoding, Origin",
    "x-amz-replication-status": "COMPLETED",
    "x-cache": "Hit from cloudfront",
    "content-security-policy": "default-src 'none'; style-src 'unsafe-inline'; sandbox",
    "x-amz-cf-id": "lEeBcC5ha_3dPB7TSHA9GBLFSzWw-s_LjZxIglC_mAPasR4iIwziAg==",
    "date": "Mon, 19 Dec 2022 08:18:24 GMT",
    "access-control-allow-origin": "*",
    "content-type": "application/typescript; charset=utf-8",
    "cache-control": "public, max-age=31536000, immutable",
    "x-amz-version-id": "Lr18b2znCzPrO3qzbm1deHi5gGSc6QCk",
    "content-length": "23489",
    "server": "deno/gcp-asia-northeast2",
    "accept-ranges": "bytes",
    "last-modified": "Thu, 28 Jul 2022 16:20:41 GMT",
    "x-amz-cf-pop": "NRT51-C4",
    "age": "2521391",
    "etag": "\"059f4acea3014121392bb8cddf3965e6\"",
    "via": "http/2 edgeproxy-h"
  },
  "url": "https://deno.land/std@0.150.0/http/server.ts",
  "now": {
    "secs_since_epoch": 1673959295,
    "nanos_since_epoch": 738816600
  }
}