{
  "headers": {
    "content-length": "259",
    "x-amz-replication-status": "COMPLETED",
    "via": "http/2 edgeproxy-h",
    "age": "2718821",
    "content-security-policy": "default-src 'none'; style-src 'unsafe-inline'; sandbox",
    "date": "Sat, 17 Dec 2022 01:27:51 GMT",
    "access-control-allow-origin": "*",
    "content-type": "application/typescript; charset=utf-8",
    "accept-ranges": "bytes",
    "x-cache": "Hit from cloudfront",
    "x-amz-version-id": "E98Sr9JkR2_9Ua1oQ3.62NTQ2.Ixrv2s",
    "last-modified": "Thu, 28 Jul 2022 16:20:44 GMT",
    "server": "deno/gcp-asia-northeast2",
    "cache-control": "public, max-age=31536000, immutable",
    "x-amz-cf-id": "GFCl3FPzjW0J4AJl5UlWrYNxtMVjyv8TrsgUq18vtCe4zv_mHMj5Ig==",
    "x-amz-cf-pop": "NRT51-C4",
    "vary": "Accept-Encoding, Origin",
    "etag": "\"59b7aa3b0c32c8a96a921f3ceb6d6d53\""
  },
  "url": "https://deno.land/std@0.150.0/path/separator.ts",
  "now": {
    "secs_since_epoch": 1673959292,
    "nanos_since_epoch": 673896200
  }
}