{
  "headers": {
    "accept-ranges": "bytes",
    "vary": "Accept-Encoding, Origin",
    "x-amz-cf-id": "lGck8odhW0NtUvRrP_W8aFcncMRq_3OwlwTtAFDpU77a1XomOdTRMQ==",
    "age": "3222139",
    "date": "Sun, 11 Dec 2022 05:39:13 GMT",
    "cache-control": "public, max-age=31536000, immutable",
    "x-amz-replication-status": "COMPLETED",
    "content-length": "728",
    "x-cache": "Hit from cloudfront",
    "x-amz-cf-pop": "NRT51-C4",
    "server": "deno/gcp-asia-northeast2",
    "x-amz-version-id": "XLJCihOU4jGhKoKtkUrVXJFpa9tYWwv_",
    "via": "http/2 edgeproxy-h",
    "access-control-allow-origin": "*",
    "content-security-policy": "default-src 'none'; style-src 'unsafe-inline'; sandbox",
    "content-type": "application/typescript; charset=utf-8",
    "etag": "\"380ba60d0483610db92bc7b3a3b207d4\"",
    "last-modified": "Wed, 18 May 2022 13:28:52 GMT"
  },
  "url": "https://deno.land/std@0.140.0/path/_interface.ts",
  "now": {
    "secs_since_epoch": 1673959293,
    "nanos_since_epoch": 224169200
  }
}