{
  "headers": {
    "content-type": "application/typescript; charset=utf-8",
    "age": "3385706",
    "x-amz-cf-id": "gvEHtcytO-YVp5rJmUKvf_4aiuE_xPfDs9YcLrd4cm4TkxFw37zb7g==",
    "cache-control": "public, max-age=31536000, immutable",
    "x-amz-version-id": "r1l0_x2it5g._yQn2qrOYLPyPfXKNx9B",
    "last-modified": "Sat, 30 Jul 2022 14:25:26 GMT",
    "content-security-policy": "default-src 'none'; style-src 'unsafe-inline'; sandbox",
    "x-cache": "Hit from cloudfront",
    "server": "deno/gcp-asia-northeast2",
    "accept-ranges": "bytes",
    "x-amz-replication-status": "COMPLETED",
    "content-length": "4704",
    "x-amz-cf-pop": "NRT51-C4",
    "vary": "Accept-Encoding, Origin",
    "access-control-allow-origin": "*",
    "date": "Fri, 09 Dec 2022 08:13:09 GMT",
    "via": "http/2 edgeproxy-h",
    "etag": "\"7aeb398a998b27ca394553356b75c174\""
  },
  "url": "https://deno.land/x/esbuild_deno_loader@0.5.2/src/portable_loader.ts",
  "now": {
    "secs_since_epoch": 1673959295,
    "nanos_since_epoch": 924785900
  }
}