{
  "headers": {
    "access-control-allow-origin": "*",
    "via": "http/2 edgeproxy-h",
    "x-amz-cf-pop": "NRT51-C4",
    "vary": "Accept-Encoding, Origin",
    "accept-ranges": "bytes",
    "x-cache": "Hit from cloudfront",
    "date": "Wed, 07 Dec 2022 05:01:22 GMT",
    "etag": "\"24716c302cf99f45a64c8c60baeea444\"",
    "server": "deno/gcp-asia-northeast2",
    "cache-control": "public, max-age=31536000, immutable",
    "x-amz-version-id": "3.ubdLEbPOC9Zc8tUvCHduGQWeyH9qkH",
    "content-type": "application/typescript; charset=utf-8",
    "x-amz-cf-id": "jdrqlvDdTiC-wouHMOPqxEY1iCbSONjju4Cij_Hw_e4ddhh9xS3saw==",
    "content-security-policy": "default-src 'none'; style-src 'unsafe-inline'; sandbox",
    "content-length": "443",
    "last-modified": "Thu, 28 Jul 2022 16:20:39 GMT",
    "age": "3570009",
    "x-amz-replication-status": "COMPLETED"
  },
  "url": "https://deno.land/std@0.150.0/_util/assert.ts",
  "now": {
    "secs_since_epoch": 1673959292,
    "nanos_since_epoch": 410767600
  }
}