{
  "headers": {
    "age": "3107159",
    "x-cache": "Hit from cloudfront",
    "x-amz-version-id": "G14pqShpP1Vf4ZSbv_LhR8JPCtyswGNA",
    "x-amz-cf-id": "Gl2qDYJxWaRnI9Ktt7GMLcTjwf5qnlNMUaXTE8W5xFIx4JFcGqfkog==",
    "cache-control": "public, max-age=31536000, immutable",
    "server": "deno/gcp-asia-northeast2",
    "x-amz-replication-status": "COMPLETED",
    "etag": "W/\"2fe28df56d118bdc8137df8966627f38\"",
    "last-modified": "Sun, 02 May 2021 11:22:29 GMT",
    "content-type": "application/javascript",
    "x-amz-cf-pop": "NRT51-C4",
    "via": "http/2 edgeproxy-h",
    "content-security-policy": "default-src 'none'; style-src 'unsafe-inline'; sandbox",
    "access-control-allow-origin": "*",
    "vary": "Accept-Encoding, Origin",
    "date": "Mon, 12 Dec 2022 13:35:36 GMT"
  },
  "url": "https://deno.land/x/denoflate@1.2.1/pkg/denoflate.js",
  "now": {
    "secs_since_epoch": 1673959295,
    "nanos_since_epoch": 919865600
  }
}