{
  "headers": {
    "x-amz-replication-status": "COMPLETED",
    "last-modified": "Tue, 11 Oct 2022 11:20:49 GMT",
    "server": "deno/gcp-asia-northeast2",
    "cache-control": "public, max-age=31536000, immutable",
    "via": "http/2 edgeproxy-h",
    "content-length": "22956",
    "access-control-allow-origin": "*",
    "content-security-policy": "default-src 'none'; style-src 'unsafe-inline'; sandbox",
    "x-amz-cf-id": "-vEFysmFGJ8s6X_shM4nOAjpmzGBRj4scq90qOPyrNvLOjOYMpUlwg==",
    "x-cache": "Hit from cloudfront",
    "etag": "\"20ee62a0ab76dfe991643796825d8e57\"",
    "vary": "Accept-Encoding, Origin",
    "content-type": "application/typescript; charset=utf-8",
    "x-amz-version-id": "NrA9QQO1MXraR7niSYpinkdmOI7hx8xR",
    "accept-ranges": "bytes",
    "date": "Mon, 19 Dec 2022 08:18:24 GMT",
    "x-amz-cf-pop": "NRT51-C4",
    "age": "2521391"
  },
  "url": "https://deno.land/x/fresh@1.1.2/src/server/context.ts",
  "now": {
    "secs_since_epoch": 1673959295,
    "nanos_since_epoch": 651120200
  }
}