{
  "headers": {
    "x-cache": "Hit from cloudfront",
    "cache-control": "public, max-age=31536000, immutable",
    "x-amz-version-id": "u5muXnPGhL515R.4KMudT92NhOBrH.5M",
    "content-length": "2897",
    "vary": "Accept-Encoding, Origin",
    "accept-ranges": "bytes",
    "content-security-policy": "default-src 'none'; style-src 'unsafe-inline'; sandbox",
    "server": "deno/gcp-asia-northeast2",
    "date": "Mon, 19 Dec 2022 08:18:25 GMT",
    "content-type": "application/typescript; charset=utf-8",
    "via": "http/2 edgeproxy-h",
    "x-amz-cf-id": "-1aBD0MlP-h5OYxUJHcBK9cpKJHB2FzGLUa6qxqT6zrILfmWogtg9A==",
    "access-control-allow-origin": "*",
    "etag": "\"59f8287160bcc9f3bb7387ebfd7703a8\"",
    "age": "2521390",
    "x-amz-cf-pop": "NRT51-C4",
    "last-modified": "Thu, 11 Aug 2022 17:50:56 GMT",
    "x-amz-replication-status": "COMPLETED"
  },
  "url": "https://deno.land/std@0.152.0/async/pool.ts",
  "now": {
    "secs_since_epoch": 1673959296,
    "nanos_since_epoch": 369833600
  }
}