{
  "headers": {
    "accept-ranges": "bytes",
    "last-modified": "Thu, 28 Jul 2022 16:20:41 GMT",
    "content-length": "3123",
    "x-amz-cf-id": "netomR80jllkLRx9CBdA7CS5EYrXzjw3VEDPGVJiHgvTry5pS2l4yQ==",
    "etag": "\"c4429eba8cf6c2067ef3cbe9390436b3\"",
    "date": "Wed, 14 Dec 2022 12:42:24 GMT",
    "via": "http/2 edgeproxy-h",
    "x-amz-cf-pop": "NRT51-C4",
    "cache-control": "public, max-age=31536000, immutable",
    "vary": "Accept-Encoding, Origin",
    "x-amz-replication-status": "COMPLETED",
    "access-control-allow-origin": "*",
    "content-security-policy": "default-src 'none'; style-src 'unsafe-inline'; sandbox",
    "content-type": "application/typescript; charset=utf-8",
    "server": "deno/gcp-asia-northeast2",
    "x-amz-version-id": "PC1bUDTD0_AgSBuA3382odyV784OVd6R",
    "x-cache": "Hit from cloudfront",
    "age": "2937551"
  },
  "url": "https://deno.land/std@0.150.0/media_types/_util.ts",
  "now": {
    "secs_since_epoch": 1673959295,
    "nanos_since_epoch": 896123000
  }
}