{
  "headers": {
    "content-type": "application/typescript; charset=utf-8",
    "etag": "\"3b690deb4ace9fcfaa43070293dfcfe1\"",
    "server": "deno/gcp-asia-northeast2",
    "last-modified": "Thu, 28 Jul 2022 16:20:39 GMT",
    "accept-ranges": "bytes",
    "x-amz-cf-id": "OBfYwiNvFcUZ0Z_0-Msd42QOezjA4ubdadLolxPBQYJBKsTaCF4bog==",
    "x-amz-replication-status": "COMPLETED",
    "content-length": "2050",
    "access-control-allow-origin": "*",
    "date": "Sat, 03 Dec 2022 07:21:44 GMT",
    "cache-control": "public, max-age=31536000, immutable",
    "x-amz-version-id": "EK95KNI27AKfbCV9zJb7I4AouUVbrmHI",
    "x-cache": "Hit from cloudfront",
    "content-security-policy": "default-src 'none'; style-src 'unsafe-inline'; sandbox",
    "via": "http/2 edgeproxy-h",
    "x-amz-cf-pop": "NRT51-C4",
    "vary": "Accept-Encoding, Origin",
    "age": "3907191"
  },
  "url": "https://deno.land/std@0.150.0/async/abortable.ts",
  "now": {
    "secs_since_epoch": 1673959295,
    "nanos_since_epoch": 955233200
  }
}