{
  "headers": {
    "via": "http/2 edgeproxy-h",
    "x-amz-replication-status": "COMPLETED",
    "content-security-policy": "default-src 'none'; style-src 'unsafe-inline'; sandbox",
    "x-cache": "Hit from cloudfront",
    "age": "2791309",
    "access-control-allow-origin": "*",
    "cache-control": "public, max-age=31536000, immutable",
    "x-amz-cf-pop": "NRT51-C4",
    "content-type": "application/typescript; charset=utf-8",
    "content-length": "64",
    "server": "deno/gcp-asia-northeast2",
    "date": "Fri, 16 Dec 2022 05:19:42 GMT",
    "vary": "Accept-Encoding, Origin",
    "x-amz-cf-id": "I0m4rVI_Dg-974DJ3VAQ9NLQI525wZH_Xwgq-80d83HWQvIOh52x1Q==",
    "x-amz-version-id": "j5Zs4MQdRy7B8I9MCBVSQJQSg2Hx9Kt6",
    "accept-ranges": "bytes",
    "etag": "\"1d351777429e253a47f261e1dd138a55\"",
    "last-modified": "Sat, 03 Sep 2022 01:48:11 GMT"
  },
  "url": "https://deno.land/x/ts_morph@16.0.0/mod.ts",
  "now": {
    "secs_since_epoch": 1673959292,
    "nanos_since_epoch": 338399800
  }
}