{
  "headers": {
    "last-modified": "Wed, 18 May 2022 13:28:50 GMT",
    "accept-ranges": "bytes",
    "x-amz-cf-id": "t2ipq9Aof3H8nRr7tOIsdWWP7wZdJHE447TzzmVvZD0VdITSmKl74Q==",
    "date": "Sat, 17 Dec 2022 01:27:51 GMT",
    "etag": "\"8dfe8d0f6de84bd9d90858a7b7efec08\"",
    "via": "http/2 edgeproxy-h",
    "x-amz-cf-pop": "NRT51-C4",
    "x-cache": "Hit from cloudfront",
    "content-type": "application/typescript; charset=utf-8",
    "content-security-policy": "default-src 'none'; style-src 'unsafe-inline'; sandbox",
    "age": "2718821",
    "server": "deno/gcp-asia-northeast2",
    "access-control-allow-origin": "*",
    "x-amz-replication-status": "COMPLETED",
    "x-amz-version-id": "wLJLaegVxO.gR1sMg5fQtBEHLdpmljXH",
    "vary": "Accept-Encoding, Origin",
    "content-length": "7911",
    "cache-control": "public, max-age=31536000, immutable"
  },
  "url": "https://deno.land/std@0.140.0/fs/expand_glob.ts",
  "now": {
    "secs_since_epoch": 1673959293,
    "nanos_since_epoch": 136361200
  }
}