{
  "headers": {
    "age": "4778225",
    "date": "Wed, 23 Nov 2022 05:24:25 GMT",
    "content-type": "application/typescript; charset=utf-8",
    "server": "deno/gcp-asia-northeast2",
    "x-amz-replication-status": "COMPLETED",
    "content-length": "18768",
    "accept-ranges": "bytes",
    "via": "http/2 edgeproxy-h",
    "x-cache": "Hit from cloudfront",
    "vary": "Accept-Encoding, Origin",
    "cache-control": "public, max-age=31536000, immutable",
    "x-amz-cf-id": "i53Mwunr_0sXN7djJ5MtTtcnNmdOqpvukEmRhoNOTgCH1FYGMGfRFQ==",
    "x-amz-cf-pop": "NRT51-C4",
    "x-amz-version-id": "Bxj4Y9gIWArBniTPKWcRnthMInra3yWx",
    "access-control-allow-origin": "*",
    "content-security-policy": "default-src 'none'; style-src 'unsafe-inline'; sandbox",
    "etag": "\"0416ac4d2688ce10351cd62d9c26edd5\"",
    "last-modified": "Thu, 28 Jul 2022 16:20:41 GMT"
  },
  "url": "https://deno.land/std@0.150.0/flags/mod.ts",
  "now": {
    "secs_since_epoch": 1673959292,
    "nanos_since_epoch": 346938500
  }
}