{
  "headers": {
    "x-amz-cf-pop": "NRT51-C4",
    "access-control-allow-origin": "*",
    "cache-control": "public, max-age=31536000, immutable",
    "accept-ranges": "bytes",
    "content-type": "application/typescript; charset=utf-8",
    "vary": "Accept-Encoding, Origin",
    "x-cache": "Hit from cloudfront",
    "last-modified": "Thu, 11 Aug 2022 17:50:56 GMT",
    "via": "http/2 edgeproxy-h",
    "x-amz-version-id": "HzLW2DkVt55H3VRXXgUXb5YxvJzIHXcD",
    "age": "3673633",
    "etag": "\"603ab0c0d4e125147d94e6e283421bf4\"",
    "x-amz-replication-status": "COMPLETED",
    "server": "deno/gcp-asia-northeast2",
    "content-security-policy": "default-src 'none'; style-src 'unsafe-inline'; sandbox",
    "content-length": "2002",
    "date": "Tue, 06 Dec 2022 00:14:22 GMT",
    "x-amz-cf-id": "2aqE07l9GSwW2BtFpXdOFjXJRtd2bqhMAZ_HEencMCY3KfC5MoAVUQ=="
  },
  "url": "https://deno.land/std@0.152.0/async/mux_async_iterator.ts",
  "now": {
    "secs_since_epoch": 1673959296,
    "nanos_since_epoch": 376444500
  }
}