{
  "headers": {
    "via": "http/2 edgeproxy-h",
    "age": "3840333",
    "cache-control": "public, max-age=31536000, immutable",
    "server": "deno/gcp-asia-northeast2",
    "x-amz-replication-status": "COMPLETED",
    "accept-ranges": "bytes",
    "x-amz-version-id": "vOH7OXdiZRSXu21be.N_t7ql2CpCOdT3",
    "content-length": "2050",
    "vary": "Accept-Encoding, Origin",
    "content-security-policy": "default-src 'none'; style-src 'unsafe-inline'; sandbox",
    "date": "Sun, 04 Dec 2022 01:56:02 GMT",
    "etag": "\"3b690deb4ace9fcfaa43070293dfcfe1\"",
    "content-type": "application/typescript; charset=utf-8",
    "x-amz-cf-pop": "NRT51-C4",
    "x-amz-cf-id": "LyYFy_nBMgVn2grojOnPNwiyZzGa97QzD1HeuBjmY9BEMHgLA2NPyg==",
    "x-cache": "Hit from cloudfront",
    "access-control-allow-origin": "*",
    "last-modified": "Thu, 11 Aug 2022 17:50:56 GMT"
  },
  "url": "https://deno.land/std@0.152.0/async/abortable.ts",
  "now": {
    "secs_since_epoch": 1673959296,
    "nanos_since_epoch": 359740800
  }
}