{
  "headers": {
    "etag": "\"ce6cf45cd21add08a1c5981759220928\"",
    "via": "http/2 edgeproxy-h",
    "content-security-policy": "default-src 'none'; style-src 'unsafe-inline'; sandbox",
    "accept-ranges": "bytes",
    "x-cache": "Hit from cloudfront",
    "age": "3113761",
    "x-amz-replication-status": "COMPLETED",
    "vary": "Accept-Encoding, Origin",
    "content-type": "application/typescript; charset=utf-8",
    "server": "deno/gcp-asia-northeast2",
    "last-modified": "Thu, 28 Jul 2022 16:20:44 GMT",
    "date": "Mon, 12 Dec 2022 11:45:30 GMT",
    "cache-control": "public, max-age=31536000, immutable",
    "access-control-allow-origin": "*",
    "x-amz-cf-id": "abEamxbPfl2FoufJZh2kOKa4qjw0Dy9ctKrLvScXh_vFDMjoAjZyFw==",
    "x-amz-cf-pop": "NRT51-C4",
    "content-length": "877",
    "x-amz-version-id": "2htbMULj7NG64uZcjUAfepkZDGYu_Aso"
  },
  "url": "https://deno.land/std@0.150.0/path/mod.ts",
  "now": {
    "secs_since_epoch": 1673959292,
    "nanos_since_epoch": 360924700
  }
}