{
  "headers": {
    "content-length": "2125",
    "x-amz-version-id": "TSBOIBxWsIcqQW4IahJ.WvG4BPiH4LqB",
    "age": "2521390",
    "cache-control": "public, max-age=31536000, immutable",
    "x-amz-cf-id": "RYhI8DU9ed8TQM2_yEthTm5A4qHfYmmJDpE4jeAI5Kh9TJGzapgBgA==",
    "x-amz-cf-pop": "NRT51-C4",
    "content-type": "application/typescript; charset=utf-8",
    "etag": "\"f53e9e224301222087058a26da253757\"",
    "date": "Mon, 19 Dec 2022 08:18:25 GMT",
    "content-security-policy": "default-src 'none'; style-src 'unsafe-inline'; sandbox",
    "x-cache": "Hit from cloudfront",
    "accept-ranges": "bytes",
    "server": "deno/gcp-asia-northeast2",
    "vary": "Accept-Encoding, Origin",
    "access-control-allow-origin": "*",
    "last-modified": "Thu, 11 Aug 2022 17:50:56 GMT",
    "x-amz-replication-status": "COMPLETED",
    "via": "http/2 edgeproxy-h"
  },
  "url": "https://deno.land/std@0.152.0/async/debounce.ts",
  "now": {
    "secs_since_epoch": 1673959296,
    "nanos_since_epoch": 366626600
  }
}