{
  "headers": {
    "accept-ranges": "bytes",
    "cache-control": "public, max-age=31536000, immutable",
    "content-length": "3781",
    "access-control-allow-origin": "*",
    "via": "http/2 edgeproxy-h",
    "server": "deno/gcp-asia-northeast2",
    "date": "Tue, 22 Nov 2022 03:35:41 GMT",
    "x-amz-cf-pop": "NRT51-C4",
    "vary": "Accept-Encoding, Origin",
    "etag": "\"2042eeec8b4199ea0c9e0762037abf58\"",
    "x-cache": "Hit from cloudfront",
    "x-amz-replication-status": "COMPLETED",
    "x-amz-version-id": "aRbwzBHSJD14O0OMHAA0ygy3HcCn5klV",
    "age": "4871151",
    "x-amz-cf-id": "-XBX9oOEKXkWBYAvaNYueudM1waeXyOCk0Isx6dsFnuUD-xC1dQYZQ==",
    "last-modified": "Thu, 28 Jul 2022 16:20:44 GMT",
    "content-security-policy": "default-src 'none'; style-src 'unsafe-inline'; sandbox",
    "content-type": "application/typescript; charset=utf-8"
  },
  "url": "https://deno.land/std@0.150.0/path/_util.ts",
  "now": {
    "secs_since_epoch": 1673959292,
    "nanos_since_epoch": 696717300
  }
}