{
  "headers": {
    "date": "Wed, 30 Nov 2022 01:29:44 GMT",
    "last-modified": "Wed, 18 May 2022 13:28:52 GMT",
    "cache-control": "public, max-age=31536000, immutable",
    "x-cache": "Hit from cloudfront",
    "age": "4187507",
    "server": "deno/gcp-asia-northeast2",
    "x-amz-cf-id": "G4NkuZq2FDMnzt_iU4enC1oI9OkgtxNcg8pson-N7LMBCPpVasO9CA==",
    "content-security-policy": "default-src 'none'; style-src 'unsafe-inline'; sandbox",
    "x-amz-replication-status": "COMPLETED",
    "content-type": "application/typescript; charset=utf-8",
    "content-length": "1192",
    "x-amz-cf-pop": "NRT51-C4",
    "x-amz-version-id": "0tM_Btbi0buW6SXZ1MRUyXvUGu841zkA",
    "via": "http/2 edgeproxy-h",
    "access-control-allow-origin": "*",
    "etag": "\"1f1c0bc522651e5fe0bb23cb309ba924\"",
    "vary": "Accept-Encoding, Origin",
    "accept-ranges": "bytes"
  },
  "url": "https://deno.land/std@0.140.0/path/common.ts",
  "now": {
    "secs_since_epoch": 1673959293,
    "nanos_since_epoch": 301462100
  }
}