{
  "headers": {
    "server": "deno/gcp-asia-northeast2",
    "x-amz-cf-id": "OC4CqTmqgio6m-B-VDNPHpu9s4_qcayZQPB4ThKyJLt9KUQBmsLMCw==",
    "x-amz-replication-status": "COMPLETED",
    "vary": "Accept-Encoding, Origin",
    "x-cache": "Hit from cloudfront",
    "content-security-policy": "default-src 'none'; style-src 'unsafe-inline'; sandbox",
    "age": "3673633",
    "date": "Tue, 06 Dec 2022 00:14:22 GMT",
    "x-amz-version-id": "bc6Xm5o_byhvxd8gQVazCXK_O7Gq_iuX",
    "accept-ranges": "bytes",
    "access-control-allow-origin": "*",
    "x-amz-cf-pop": "NRT51-C4",
    "via": "http/2 edgeproxy-h",
    "etag": "\"15c6952b6a9b987fd0230b929ef7077f\"",
    "cache-control": "public, max-age=31536000, immutable",
    "content-length": "618",
    "last-modified": "Thu, 11 Aug 2022 17:50:56 GMT",
    "content-type": "application/typescript; charset=utf-8"
  },
  "url": "https://deno.land/std@0.152.0/async/deadline.ts",
  "now": {
    "secs_since_epoch": 1673959296,
    "nanos_since_epoch": 355975800
  }
}