{
  "headers": {
    "x-amz-replication-status": "COMPLETED",
    "content-type": "application/typescript; charset=utf-8",
    "x-amz-cf-id": "GqPKPDVbUbhGXf92aw1kFOihnQDN6mwSElofSYSe_gc-DTC0IZ8f7Q==",
    "x-amz-version-id": "iqkdnEZGbhIL.j.dKSk6qAAOU9zcUDPs",
    "age": "5046047",
    "content-length": "5974",
    "via": "http/2 edgeproxy-h",
    "cache-control": "public, max-age=31536000, immutable",
    "x-cache": "Hit from cloudfront",
    "x-amz-cf-pop": "NRT51-C4",
    "etag": "\"df0ac9abb4ceccaf0f123e05779695ae\"",
    "date": "Sun, 20 Nov 2022 03:00:45 GMT",
    "server": "deno/gcp-asia-northeast2",
    "vary": "Accept-Encoding, Origin",
    "access-control-allow-origin": "*",
    "accept-ranges": "bytes",
    "last-modified": "Wed, 18 May 2022 13:28:50 GMT",
    "content-security-policy": "default-src 'none'; style-src 'unsafe-inline'; sandbox"
  },
  "url": "https://deno.land/std@0.140.0/fs/walk.ts",
  "now": {
    "secs_since_epoch": 1673959293,
    "nanos_since_epoch": 343550200
  }
}