{
  "headers": {
    "cache-control": "public, max-age=31536000, immutable",
    "x-amz-replication-status": "COMPLETED",
    "last-modified": "Tue, 11 Oct 2022 11:20:49 GMT",
    "etag": "\"162c6336f95c12d48897c9ca1189db82\"",
    "content-length": "484",
    "content-security-policy": "default-src 'none'; style-src 'unsafe-inline'; sandbox",
    "content-type": "application/typescript; charset=utf-8",
    "vary": "Accept-Encoding, Origin",
    "x-amz-cf-id": "vQ98UF4gBlRyHLxvQwcY4um2sQ8bTYacKP3h_o3OkUzYN31echfLAQ==",
    "server": "deno/gcp-asia-northeast2",
    "access-control-allow-origin": "*",
    "via": "http/2 edgeproxy-h",
    "x-cache": "Hit from cloudfront",
    "age": "3389840",
    "date": "Fri, 09 Dec 2022 07:04:15 GMT",
    "x-amz-cf-pop": "NRT51-C4",
    "x-amz-version-id": "GbfMDrx_2YHjsLw.0pGLDYrfEBLCoKh8",
    "accept-ranges": "bytes"
  },
  "url": "https://deno.land/x/fresh@1.1.2/src/server/htmlescape.ts",
  "now": {
    "secs_since_epoch": 1673959295,
    "nanos_since_epoch": 844935100
  }
}