{
  "headers": {
    "vary": "Accept-Encoding, Origin",
    "access-control-allow-origin": "*",
    "server": "deno/gcp-asia-northeast2",
    "via": "http/2 edgeproxy-h",
    "content-type": "application/typescript; charset=utf-8",
    "x-amz-cf-id": "f3eHqHPj7a_yVh65R0yejWpnSXbmLIl82GB2w-PM3jI0nzu4lCOj6A==",
    "content-length": "1098",
    "cache-control": "public, max-age=31536000, immutable",
    "last-modified": "Tue, 11 Oct 2022 11:20:49 GMT",
    "content-security-policy": "default-src 'none'; style-src 'unsafe-inline'; sandbox",
    "accept-ranges": "bytes",
    "x-cache": "Hit from cloudfront",
    "x-amz-cf-pop": "NRT51-C4",
    "date": "Thu, 15 Dec 2022 00:44:31 GMT",
    "x-amz-version-id": "lbp6TTcK4wnR.Any8D8Hkn.Jedadfwsn",
    "x-amz-replication-status": "COMPLETED",
    "etag": "\"909090c0b46a18c3b04855658d2a3c7d\"",
    "age": "2894224"
  },
  "url": "https://deno.land/x/fresh@1.1.2/src/server/deps.ts",
  "now": {
    "secs_since_epoch": 1673959295,
    "nanos_since_epoch": 660833600
  }
}