{
  "headers": {
    "x-cache": "Hit from cloudfront",
    "x-amz-version-id": "KLlD5cAFKbF3tg4WcHHnnBn9972iMlFK",
    "content-security-policy": "default-src 'none'; style-src 'unsafe-inline'; sandbox",
    "age": "5040323",
    "last-modified": "Tue, 11 Oct 2022 11:20:49 GMT",
    "content-length": "60",
    "vary": "Accept-Encoding, Origin",
    "access-control-allow-origin": "*",
    "date": "Sun, 20 Nov 2022 04:36:08 GMT",
    "content-type": "application/typescript; charset=utf-8",
    "x-amz-replication-status": "COMPLETED",
    "server": "deno/gcp-asia-northeast2",
    "accept-ranges": "bytes",
    "via": "http/2 edgeproxy-h",
    "x-amz-cf-pop": "NRT51-C4",
    "x-amz-cf-id": "HHl73TXqFpARm3QqcHN3UZG9L1XILaVBmQR_-qQwfu6rJ8COq3skXA==",
    "cache-control": "public, max-age=31536000, immutable",
    "etag": "\"dd9d461f064346d524777ba63e111a7a\""
  },
  "url": "https://deno.land/x/fresh@1.1.2/dev.ts",
  "now": {
    "secs_since_epoch": 1673959292,
    "nanos_since_epoch": 210696200
  }
}