{
  "headers": {
    "x-amz-cf-pop": "NRT51-C4",
    "date": "Wed, 07 Dec 2022 18:34:07 GMT",
    "cache-control": "public, max-age=31536000, immutable",
    "vary": "Accept-Encoding, Origin",
    "server": "deno/gcp-asia-northeast2",
    "content-security-policy": "default-src 'none'; style-src 'unsafe-inline'; sandbox",
    "age": "3521248",
    "content-type": "application/typescript; charset=utf-8",
    "last-modified": "Tue, 11 Oct 2022 11:20:49 GMT",
    "via": "http/2 edgeproxy-h",
    "x-cache": "Hit from cloudfront",
    "access-control-allow-origin": "*",
    "etag": "\"480093ffd3df585b6998a9f3cbf11a2f\"",
    "x-amz-version-id": "aYjgr2j10HMf7gJOdhAOAYgyPA1WUQaZ",
    "content-length": "1562",
    "x-amz-cf-id": "8kf128sSqYhbFTzXGBKElSmUu67tZpLG3AQqo1k40DHcE43GftGs-Q==",
    "x-amz-replication-status": "COMPLETED",
    "accept-ranges": "bytes"
  },
  "url": "https://deno.land/x/fresh@1.1.2/plugins/twind.ts",
  "now": {
    "secs_since_epoch": 1673959295,
    "nanos_since_epoch": 570863100
  }
}