{
  "headers": {
    "x-amz-replication-status": "COMPLETED",
    "x-amz-cf-pop": "NRT51-C4",
    "x-cache": "Hit from cloudfront",
    "last-modified": "Thu, 28 Jul 2022 16:20:44 GMT",
    "x-amz-version-id": "ehTpB4frCFci4UODNMKR3Mhi6ULQMZMx",
    "age": "3296397",
    "date": "Sat, 10 Dec 2022 09:01:35 GMT",
    "x-amz-cf-id": "nhv64jprib4vR3GbZRsSqM7XwHdDm0226oIb34eu2cZd4UFocpsCxA==",
    "content-type": "application/typescript; charset=utf-8",
    "content-security-policy": "default-src 'none'; style-src 'unsafe-inline'; sandbox",
    "vary": "Accept-Encoding, Origin",
    "accept-ranges": "bytes",
    "server": "deno/gcp-asia-northeast2",
    "etag": "\"255503184d1896a15e7d4e7332151dc3\"",
    "cache-control": "public, max-age=31536000, immutable",
    "via": "http/2 edgeproxy-h",
    "access-control-allow-origin": "*",
    "content-length": "2020"
  },
  "url": "https://deno.land/std@0.150.0/path/_constants.ts",
  "now": {
    "secs_since_epoch": 1673959292,
    "nanos_since_epoch": 701065900
  }
}