{
  "headers": {
    "x-amz-cf-pop": "NRT51-C4",
    "vary": "Accept-Encoding, Origin",
    "etag": "\"43dc6b8cd1af8d44f2d4ea5f609301e6\"",
    "date": "Fri, 09 Dec 2022 07:04:15 GMT",
    "server": "deno/gcp-asia-northeast2",
    "x-amz-version-id": "Tzd18kX77Y9aGv0AX5x1Pseows_Zvcha",
    "x-amz-replication-status": "COMPLETED",
    "content-length": "18418",
    "age": "3389840",
    "access-control-allow-origin": "*",
    "content-type": "application/typescript; charset=utf-8",
    "x-amz-cf-id": "6zZBKgtxXf2ektBx-e0YqTQzHCSkqGrIngehuX2JTNRzTj5wrykakQ==",
    "x-cache": "Hit from cloudfront",
    "via": "http/2 edgeproxy-h",
    "cache-control": "public, max-age=31536000, immutable",
    "last-modified": "Thu, 28 Jul 2022 15:33:34 GMT",
    "accept-ranges": "bytes",
    "content-security-policy": "default-src 'none'; style-src 'unsafe-inline'; sandbox"
  },
  "url": "https://deno.land/x/esbuild@v0.14.51/wasm.d.ts",
  "now": {
    "secs_since_epoch": 1673959295,
    "nanos_since_epoch": 900689800
  }
}