{
  "headers": {
    "last-modified": "Sat, 03 Sep 2022 01:48:11 GMT",
    "age": "3521247",
    "access-control-allow-origin": "*",
    "content-security-policy": "default-src 'none'; style-src 'unsafe-inline'; sandbox",
    "via": "http/2 edgeproxy-h",
    "vary": "Accept-Encoding, Origin",
    "accept-ranges": "bytes",
    "x-cache": "Hit from cloudfront",
    "date": "Wed, 07 Dec 2022 18:34:04 GMT",
    "x-amz-replication-status": "COMPLETED",
    "x-amz-cf-pop": "NRT51-C4",
    "x-amz-version-id": "OirOuq9Nc3xAv23hXFJ3MAuoZB1Ogyhd",
    "content-type": "application/typescript; charset=utf-8",
    "cache-control": "public, max-age=31536000, immutable",
    "etag": "\"6c445b14a65a750a1ff5f6d7999fb47c\"",
    "x-amz-cf-id": "i75tCO04-4R2Ta9nTs7cYimob2sDBnR7plURRNB_nAoah0JNclBf_A==",
    "server": "deno/gcp-asia-northeast2",
    "content-length": "4409"
  },
  "url": "https://deno.land/x/ts_morph@16.0.0/common/DenoRuntime.ts",
  "now": {
    "secs_since_epoch": 1673959292,
    "nanos_since_epoch": 925145600
  }
}