{
  "headers": {
    "vary": "Accept-Encoding, Origin",
    "last-modified": "Wed, 18 May 2022 13:28:52 GMT",
    "accept-ranges": "bytes",
    "x-cache": "Hit from cloudfront",
    "content-security-policy": "default-src 'none'; style-src 'unsafe-inline'; sandbox",
    "age": "3926842",
    "content-length": "12671",
    "x-amz-cf-pop": "NRT51-C4",
    "date": "Sat, 03 Dec 2022 01:54:10 GMT",
    "content-type": "application/typescript; charset=utf-8",
    "etag": "\"bd34eaad77560192262d752aeb6dfd30\"",
    "cache-control": "public, max-age=31536000, immutable",
    "x-amz-replication-status": "COMPLETED",
    "x-amz-cf-id": "yJKHW3ttab7vQbCXrUISys9at72TqZOGoicjtraA3W847pwuCuNTvA==",
    "x-amz-version-id": "HbDevjql3k4uhS9AtsbT0wkY8F4FoRpH",
    "access-control-allow-origin": "*",
    "via": "http/2 edgeproxy-h",
    "server": "deno/gcp-asia-northeast2"
  },
  "url": "https://deno.land/std@0.140.0/path/glob.ts",
  "now": {
    "secs_since_epoch": 1673959293,
    "nanos_since_epoch": 321417700
  }
}