{
  "headers": {
    "server": "deno/gcp-asia-northeast2",
    "x-amz-cf-pop": "NRT51-C4",
    "date": "Tue, 22 Nov 2022 03:58:56 GMT",
    "x-cache": "Hit from cloudfront",
    "vary": "Accept-Encoding, Origin",
    "x-amz-replication-status": "COMPLETED",
    "content-security-policy": "default-src 'none'; style-src 'unsafe-inline'; sandbox",
    "etag": "W/\"ff2122d76713ec62b25628f150ffacb8\"",
    "age": "4869759",
    "access-control-allow-origin": "*",
    "via": "http/2 edgeproxy-h",
    "cache-control": "public, max-age=31536000, immutable",
    "x-amz-cf-id": "Vz3NILNCIxsP7I-eOYegyNaCMoTkc3v0Bk6au5YD9OZCr8j3Vnz7yQ==",
    "x-amz-version-id": "cwugpzG5qEiMcslbl.jf501aCJbGemRa",
    "last-modified": "Sun, 02 May 2021 11:22:29 GMT",
    "content-type": "application/javascript"
  },
  "url": "https://deno.land/x/denoflate@1.2.1/pkg/denoflate_bg.wasm.js",
  "now": {
    "secs_since_epoch": 1673959295,
    "nanos_since_epoch": 962093600
  }
}