{
  "headers": {
    "content-security-policy": "default-src 'none'; style-src 'unsafe-inline'; sandbox",
    "server": "deno/gcp-asia-northeast2",
    "cache-control": "public, max-age=31536000, immutable",
    "vary": "Accept-Encoding, Origin",
    "x-amz-version-id": "0gfcxnHLY6HJv6QsPL9Bivts4fG3t7xH",
    "content-type": "application/typescript; charset=utf-8",
    "age": "2521391",
    "etag": "\"8ea612278b86e40a63fdad8b032b9da0\"",
    "x-amz-cf-id": "qJTXvrdnTYi41Jhx4FE5Hl-cmicR-_Fjd-g_xihJPqF8GRXegY7Bkw==",
    "via": "http/2 edgeproxy-h",
    "access-control-allow-origin": "*",
    "x-cache": "Hit from cloudfront",
    "date": "Mon, 19 Dec 2022 08:18:24 GMT",
    "content-length": "468",
    "x-amz-replication-status": "COMPLETED",
    "last-modified": "Sat, 30 Jul 2022 14:25:26 GMT",
    "accept-ranges": "bytes",
    "x-amz-cf-pop": "NRT51-C4"
  },
  "url": "https://deno.land/x/esbuild_deno_loader@0.5.2/deps.ts",
  "now": {
    "secs_since_epoch": 1673959295,
    "nanos_since_epoch": 910970200
  }
}