{
  "headers": {
    "cache-control": "public, max-age=31536000, immutable",
    "etag": "\"59b7aa3b0c32c8a96a921f3ceb6d6d53\"",
    "date": "Mon, 28 Nov 2022 12:11:22 GMT",
    "via": "http/2 edgeproxy-h",
    "content-security-policy": "default-src 'none'; style-src 'unsafe-inline'; sandbox",
    "last-modified": "Wed, 18 May 2022 13:28:52 GMT",
    "x-amz-replication-status": "COMPLETED",
    "content-type": "application/typescript; charset=utf-8",
    "server": "deno/gcp-asia-northeast2",
    "x-amz-version-id": "Q9Nfd8z_tZE.B9uhweHT7T4XsXADzNk4",
    "x-amz-cf-pop": "NRT51-C4",
    "x-cache": "Hit from cloudfront",
    "access-control-allow-origin": "*",
    "vary": "Accept-Encoding, Origin",
    "content-length": "259",
    "accept-ranges": "bytes",
    "x-amz-cf-id": "dR-sDPuF6E2G5Sv9YLjZZTWux5Mbaqb1EU4ysrUR1fBMuptdQxr0NQ==",
    "age": "4321810"
  },
  "url": "https://deno.land/std@0.140.0/path/separator.ts",
  "now": {
    "secs_since_epoch": 1673959293,
    "nanos_since_epoch": 298519400
  }
}