{
  "headers": {
    "etag": "\"10ddb1dc9c02aed44da2c6952d2412f9\"",
    "content-type": "application/typescript; charset=utf-8",
    "x-amz-version-id": "rug85pb_QpkYY4y8UurW3msh9XZiIr6D",
    "content-length": "1721",
    "cache-control": "public, max-age=31536000, immutable",
    "x-amz-cf-id": "KedOYd7OovzlY88arCJ_UNrrDldinSJ2AJ1Pt9NxrtgVPX3IKQUmFw==",
    "date": "Mon, 19 Dec 2022 08:18:24 GMT",
    "accept-ranges": "bytes",
    "access-control-allow-origin": "*",
    "last-modified": "Sat, 30 Jul 2022 14:25:26 GMT",
    "server": "deno/gcp-asia-northeast2",
    "x-cache": "Hit from cloudfront",
    "x-amz-cf-pop": "NRT51-C4",
    "content-security-policy": "default-src 'none'; style-src 'unsafe-inline'; sandbox",
    "vary": "Accept-Encoding, Origin",
    "via": "http/2 edgeproxy-h",
    "x-amz-replication-status": "COMPLETED",
    "age": "2521391"
  },
  "url": "https://deno.land/x/esbuild_deno_loader@0.5.2/src/deno.ts",
  "now": {
    "secs_since_epoch": 1673959295,
    "nanos_since_epoch": 913912000
  }
}