{
  "headers": {
    "via": "http/2 edgeproxy-h",
    "x-cache": "Hit from cloudfront",
    "content-length": "511695",
    "server": "deno/gcp-asia-northeast2",
    "content-security-policy": "default-src 'none'; style-src 'unsafe-inline'; sandbox",
    "date": "Thu, 01 Dec 2022 19:26:54 GMT",
    "age": "4036478",
    "last-modified": "Sat, 03 Sep 2022 01:48:11 GMT",
    "x-amz-cf-pop": "NRT51-C4",
    "x-amz-replication-status": "COMPLETED",
    "content-type": "application/typescript; charset=utf-8",
    "etag": "\"da3cb45d4197d34a67cc9bdea6cb479e\"",
    "x-amz-version-id": "uWFEMOKq8..I.pUJcb6CrjGSjEFOTGVz",
    "accept-ranges": "bytes",
    "access-control-allow-origin": "*",
    "x-amz-cf-id": "aK245cx5vPHTHNUcRwBNDPegF2V8DneJHTArmTZqXBXdKV2J2hgeOg==",
    "vary": "Accept-Encoding, Origin",
    "cache-control": "public, max-age=31536000, immutable"
  },
  "url": "https://deno.land/x/ts_morph@16.0.0/common/typescript.d.ts",
  "now": {
    "secs_since_epoch": 1673959292,
    "nanos_since_epoch": 808046700
  }
}