{
  "headers": {
    "x-amz-cf-pop": "NRT51-C4",
    "x-cache": "Hit from cloudfront",
    "cache-control": "public, max-age=31536000, immutable",
    "date": "Wed, 14 Dec 2022 04:28:56 GMT",
    "etag": "\"1f1c0bc522651e5fe0bb23cb309ba924\"",
    "last-modified": "Thu, 28 Jul 2022 16:20:44 GMT",
    "content-type": "application/typescript; charset=utf-8",
    "x-amz-cf-id": "xAtLN9_hbUScIKwq1kcLFz8DmXqu9-Iv9ElKQQXcyebaoZEHduyK-A==",
    "vary": "Accept-Encoding, Origin",
    "content-security-policy": "default-src 'none'; style-src 'unsafe-inline'; sandbox",
    "via": "http/2 edgeproxy-h",
    "x-amz-replication-status": "COMPLETED",
    "server": "deno/gcp-asia-northeast2",
    "x-amz-version-id": "CvL6H0EZG6AnGvLgkfHhkFbcF1Wpss5A",
    "age": "2967156",
    "accept-ranges": "bytes",
    "content-length": "1192",
    "access-control-allow-origin": "*"
  },
  "url": "https://deno.land/std@0.150.0/path/common.ts",
  "now": {
    "secs_since_epoch": 1673959292,
    "nanos_since_epoch": 651564800
  }
}