{
  "headers": {
    "x-amz-version-id": "9Ba46CRDx8ng5tPaEAuvqzeL.zxbr27O",
    "server": "deno/gcp-asia-northeast2",
    "vary": "Accept-Encoding, Origin",
    "last-modified": "Thu, 28 Jul 2022 16:20:41 GMT",
    "accept-ranges": "bytes",
    "age": "3234093",
    "content-length": "186498",
    "date": "Sun, 11 Dec 2022 02:20:02 GMT",
    "x-amz-cf-pop": "NRT51-C4",
    "via": "http/2 edgeproxy-h",
    "x-amz-cf-id": "iwtAVGjkXMMZv6EAqxhao43IkwrvXUFyUmR25eo50XhFrNUSFyMO3g==",
    "etag": "\"e5f62c21c0e3d2ef46551e0f5555dcd0\"",
    "x-cache": "Hit from cloudfront",
    "access-control-allow-origin": "*",
    "cache-control": "public, max-age=31536000, immutable",
    "content-type": "application/typescript; charset=utf-8",
    "content-security-policy": "default-src 'none'; style-src 'unsafe-inline'; sandbox",
    "x-amz-replication-status": "COMPLETED"
  },
  "url": "https://deno.land/std@0.150.0/media_types/vendor/mime-db.v1.52.0.ts",
  "now": {
    "secs_since_epoch": 1673959296,
    "nanos_since_epoch": 255102600
  }
}