{
  "headers": {
    "content-length": "12671",
    "x-amz-replication-status": "COMPLETED",
    "age": "3521250",
    "x-cache": "Hit from cloudfront",
    "etag": "\"bd34eaad77560192262d752aeb6dfd30\"",
    "x-amz-cf-pop": "NRT51-C4",
    "x-amz-cf-id": "PAaluZbLEvVfG0OXEdH5peR-TqNKxT7G0pfxEw4tC0LsCZwj60Ev6g==",
    "access-control-allow-origin": "*",
    "content-security-policy": "default-src 'none'; style-src 'unsafe-inline'; sandbox",
    "vary": "Accept-Encoding, Origin",
    "content-type": "application/typescript; charset=utf-8",
    "accept-ranges": "bytes",
    "last-modified": "Thu, 28 Jul 2022 16:20:44 GMT",
    "cache-control": "public, max-age=31536000, immutable",
    "server": "deno/gcp-asia-northeast2",
    "x-amz-version-id": "iDOSk8etkI9lFBAvshOtabIunmFQ9NqT",
    "date": "Wed, 07 Dec 2022 18:34:02 GMT",
    "via": "http/2 edgeproxy-h"
  },
  "url": "https://deno.land/std@0.150.0/path/glob.ts",
  "now": {
    "secs_since_epoch": 1673959292,
    "nanos_since_epoch": 668128100
  }
}