{
  "headers": {
    "accept-ranges": "bytes",
    "via": "http/2 edgeproxy-h",
    "x-cache": "Hit from cloudfront",
    "cache-control": "public, max-age=31536000, immutable",
    "content-length": "5303",
    "last-modified": "Thu, 28 Jul 2022 16:20:41 GMT",
    "vary": "Accept-Encoding, Origin",
    "etag": "\"04f5192176a596c9e9e8ab693f9673ef\"",
    "date": "Sat, 03 Dec 2022 08:35:49 GMT",
    "access-control-allow-origin": "*",
    "x-amz-cf-id": "PFnoHEFyKoFbvLLCH6zsCfOR8IXYdDAcbpLDEhH5k9RtYoixmLpx8A==",
    "x-amz-cf-pop": "NRT51-C4",
    "x-amz-replication-status": "COMPLETED",
    "server": "deno/gcp-asia-northeast2",
    "content-security-policy": "default-src 'none'; style-src 'unsafe-inline'; sandbox",
    "age": "3902742",
    "x-amz-version-id": "4NifMY07s6u8.JmN7DuyUxEIiACbud.w",
    "content-type": "application/typescript; charset=utf-8"
  },
  "url": "https://deno.land/std@0.150.0/fs/walk.ts",
  "now": {
    "secs_since_epoch": 1673959292,
    "nanos_since_epoch": 356050700
  }
}