{
  "headers": {
    "date": "Mon, 12 Dec 2022 16:45:36 GMT",
    "content-security-policy": "default-src 'none'; style-src 'unsafe-inline'; sandbox",
    "last-modified": "Tue, 11 Oct 2022 11:20:49 GMT",
    "cache-control": "public, max-age=31536000, immutable",
    "etag": "\"7f7aaf898eb0047287fb42531c5a563e\"",
    "access-control-allow-origin": "*",
    "accept-ranges": "bytes",
    "x-amz-cf-id": "BU6PTdub4hNx9kj7SvVzs7fdrQKOfUZ2tjkWWF1hElOveYEXVo7fGA==",
    "x-amz-replication-status": "COMPLETED",
    "content-type": "application/typescript; charset=utf-8",
    "server": "deno/gcp-asia-northeast2",
    "age": "3095759",
    "x-amz-cf-pop": "NRT51-C4",
    "vary": "Accept-Encoding, Origin",
    "x-amz-version-id": "nIHa.pIZU30xYTC7Zjeyw2mfZtn3aBa3",
    "content-length": "631",
    "via": "http/2 edgeproxy-h",
    "x-cache": "Hit from cloudfront"
  },
  "url": "https://deno.land/x/fresh@1.1.2/src/server/constants.ts",
  "now": {
    "secs_since_epoch": 1673959295,
    "nanos_since_epoch": 734108900
  }
}