{
  "headers": {
    "x-amz-cf-pop": "NRT51-C4",
    "last-modified": "Tue, 11 Oct 2022 11:20:49 GMT",
    "content-type": "application/typescript; charset=utf-8",
    "via": "http/2 edgeproxy-h",
    "content-security-policy": "default-src 'none'; style-src 'unsafe-inline'; sandbox",
    "x-amz-replication-status": "COMPLETED",
    "x-amz-version-id": "8pifERL.MgC2QZeU6c6G4_RBguZRHBgf",
    "access-control-allow-origin": "*",
    "cache-control": "public, max-age=31536000, immutable",
    "accept-ranges": "bytes",
    "content-length": "1265",
    "vary": "Accept-Encoding, Origin",
    "age": "3200850",
    "server": "deno/gcp-asia-northeast2",
    "x-cache": "Hit from cloudfront",
    "date": "Sun, 11 Dec 2022 11:34:05 GMT",
    "etag": "\"7632e474aee59c522ec4d8093d3a3649\"",
    "x-amz-cf-id": "wK1B_D6CtUmsijXF42vlpNYUG2iWEyVLx_1Q7nvqh5QZH5wpDd4VDQ=="
  },
  "url": "https://deno.land/x/fresh@1.1.2/plugins/twind/shared.ts",
  "now": {
    "secs_since_epoch": 1673959295,
    "nanos_since_epoch": 613163400
  }
}