{
  "headers": {
    "content-length": "1528",
    "server": "deno/gcp-asia-northeast2",
    "accept-ranges": "bytes",
    "last-modified": "Thu, 28 Jul 2022 16:20:39 GMT",
    "content-type": "application/typescript; charset=utf-8",
    "x-amz-replication-status": "COMPLETED",
    "age": "2894222",
    "date": "Thu, 15 Dec 2022 00:44:33 GMT",
    "x-amz-cf-pop": "NRT51-C4",
    "content-security-policy": "default-src 'none'; style-src 'unsafe-inline'; sandbox",
    "via": "http/2 edgeproxy-h",
    "x-cache": "Hit from cloudfront",
    "access-control-allow-origin": "*",
    "x-amz-cf-id": "UXEvrlKHkvW1uPa9Lp3d1oARjGtwK8a3fq7eJY60wwwsK6vgOiIK4g==",
    "etag": "\"839a4a3fbb8ec0b4332ec21006f527e4\"",
    "cache-control": "public, max-age=31536000, immutable",
    "x-amz-version-id": "zhSkAl7Am7yr8TynjTXlxcoZeTW0sTBm",
    "vary": "Accept-Encoding, Origin"
  },
  "url": "https://deno.land/std@0.150.0/async/deferred.ts",
  "now": {
    "secs_since_epoch": 1673959296,
    "nanos_since_epoch": 338233000
  }
}