{
  "headers": {
    "access-control-allow-origin": "*",
    "content-security-policy": "default-src 'none'; style-src 'unsafe-inline'; sandbox",
    "accept-ranges": "bytes",
    "vary": "Accept-Encoding, Origin",
    "x-amz-cf-id": "UL7ABSs36QsVzQQZvpYbvh--UsNPE7BNTToI7pD16owAWzv1UvaXhg==",
    "x-amz-replication-status": "COMPLETED",
    "x-cache": "Hit from cloudfront",
    "via": "http/2 edgeproxy-h",
    "content-length": "437",
    "server": "deno/gcp-asia-northeast2",
    "date": "Mon, 12 Dec 2022 16:45:37 GMT",
    "content-type": "application/typescript; charset=utf-8",
    "age": "3095757",
    "etag": "\"73a25140bd413548bf998854b141cc96\"",
    "last-modified": "Thu, 11 Aug 2022 17:50:56 GMT",
    "cache-control": "public, max-age=31536000, immutable",
    "x-amz-cf-pop": "NRT51-C4",
    "x-amz-version-id": "spZKzQojtcZZVVUusbyquiz22SKFEZeR"
  },
  "url": "https://deno.land/std@0.152.0/async/mod.ts",
  "now": {
    "secs_since_epoch": 1673959295,
    "nanos_since_epoch": 885926600
  }
}