{
  "headers": {
    "server": "deno/gcp-asia-northeast2",
    "age": "3113761",
    "x-amz-version-id": "ZDhajazdBx0VFTWf.WxJVMV.ncYHbjpZ",
    "last-modified": "Sat, 03 Sep 2022 01:48:12 GMT",
    "access-control-allow-origin": "*",
    "via": "http/2 edgeproxy-h",
    "x-cache": "Hit from cloudfront",
    "x-amz-replication-status": "COMPLETED",
    "content-security-policy": "default-src 'none'; style-src 'unsafe-inline'; sandbox",
    "date": "Mon, 12 Dec 2022 11:45:31 GMT",
    "etag": "W/\"f3244288766f29e2762f0bbd6ea82859\"",
    "x-amz-cf-id": "R3egXLqyEk4_I7t5CTcTsAa6sd1F3RCPzwlR39bH0Y1p7Z1V5EhVwg==",
    "x-amz-cf-pop": "NRT51-C4",
    "content-type": "application/javascript",
    "accept-ranges": "bytes",
    "vary": "Accept-Encoding, Origin",
    "cache-control": "public, max-age=31536000, immutable"
  },
  "url": "https://deno.land/x/ts_morph@16.0.0/common/typescript.js",
  "now": {
    "secs_since_epoch": 1673959293,
    "nanos_since_epoch": 358438500
  }
}