{
  "headers": {
    "age": "4573478",
    "x-amz-cf-pop": "NRT51-C4",
    "content-length": "8132",
    "date": "Fri, 25 Nov 2022 14:16:57 GMT",
    "accept-ranges": "bytes",
    "via": "http/2 edgeproxy-h",
    "last-modified": "Mon, 20 Dec 2021 14:29:12 GMT",
    "content-type": "application/typescript; charset=utf-8",
    "access-control-allow-origin": "*",
    "etag": "\"6412d8cf213132cbee914ba72a6d087a\"",
    "x-cache": "Hit from cloudfront",
    "content-security-policy": "default-src 'none'; style-src 'unsafe-inline'; sandbox",
    "x-amz-replication-status": "COMPLETED",
    "x-amz-version-id": "zGkyDi6ZnQgQYVr1lbgThWL_T9QpjTIM",
    "server": "deno/gcp-asia-northeast2",
    "vary": "Accept-Encoding, Origin",
    "x-amz-cf-id": "py1pmPwM82oUIn1v8YxvDWy_5gG_IXgw63FQdvpVul9fnGyBGe7hDA==",
    "cache-control": "public, max-age=31536000, immutable"
  },
  "url": "https://deno.land/x/importmap@0.2.1/mod.ts",
  "now": {
    "secs_since_epoch": 1673959296,
    "nanos_since_epoch": 384211700
  }
}