{
  "headers": {
    "last-modified": "Tue, 11 Oct 2022 11:20:49 GMT",
    "x-amz-replication-status": "COMPLETED",
    "accept-ranges": "bytes",
    "x-cache": "Hit from cloudfront",
    "content-length": "3641",
    "via": "http/2 edgeproxy-h",
    "access-control-allow-origin": "*",
    "x-amz-version-id": "jwYOCaamks3TZ6vP9NeIm2baFxeFO6VU",
    "vary": "Accept-Encoding, Origin",
    "age": "3389840",
    "content-type": "application/typescript; charset=utf-8",
    "content-security-policy": "default-src 'none'; style-src 'unsafe-inline'; sandbox",
    "etag": "\"a68772491063b0a83ad988a6010689a1\"",
    "server": "deno/gcp-asia-northeast2",
    "cache-control": "public, max-age=31536000, immutable",
    "x-amz-cf-id": "ftkoS0GT3kRS0sV7zs1DcPZHE6r3U2c-aVpgCNBH7LVbZMEkPZl4Ng==",
    "date": "Fri, 09 Dec 2022 07:04:15 GMT",
    "x-amz-cf-pop": "NRT51-C4"
  },
  "url": "https://deno.land/x/fresh@1.1.2/src/runtime/csp.ts",
  "now": {
    "secs_since_epoch": 1673959295,
    "nanos_since_epoch": 600466900
  }
}