{
  "headers": {
    "content-security-policy": "default-src 'none'; style-src 'unsafe-inline'; sandbox",
    "x-cache": "Hit from cloudfront",
    "server": "deno/gcp-asia-northeast2",
    "accept-ranges": "bytes",
    "cache-control": "public, max-age=31536000, immutable",
    "etag": "\"839a4a3fbb8ec0b4332ec21006f527e4\"",
    "x-amz-version-id": "2AjQ3Zdxh2ZylQ1VnXWXjzl6Oq7uz2fj",
    "vary": "Accept-Encoding, Origin",
    "date": "Mon, 19 Dec 2022 01:49:16 GMT",
    "access-control-allow-origin": "*",
    "x-amz-cf-pop": "NRT51-C4",
    "content-type": "application/typescript; charset=utf-8",
    "via": "http/2 edgeproxy-h",
    "age": "2544739",
    "last-modified": "Thu, 11 Aug 2022 17:50:56 GMT",
    "x-amz-cf-id": "4ZeKsxl4lBP1yTl40pT-ADCRXxjM-V_Ubxjr_dzCN45gEqBa0pgJnQ==",
    "content-length": "1528",
    "x-amz-replication-status": "COMPLETED"
  },
  "url": "https://deno.land/std@0.152.0/async/deferred.ts",
  "now": {
    "secs_since_epoch": 1673959296,
    "nanos_since_epoch": 363249800
  }
}