{
  "headers": {
    "content-security-policy": "default-src 'none'; style-src 'unsafe-inline'; sandbox",
    "last-modified": "Sun, 02 May 2021 11:22:29 GMT",
    "access-control-allow-origin": "*",
    "vary": "Accept-Encoding, Origin",
    "content-type": "application/typescript; charset=utf-8",
    "x-cache": "Hit from cloudfront",
    "age": "4537614",
    "etag": "\"c63f54032d828d73a2ca054bae0f0b92\"",
    "x-amz-cf-id": "3CvLg_lxIfoL2D33FkSA67LX7GhfrcPwb7jlhMeOteGJoOoyu2s2jw==",
    "accept-ranges": "bytes",
    "x-amz-cf-pop": "NRT51-C4",
    "x-amz-version-id": "8nrERqlWozCeXwWcmKMx.taYdOnuFMXW",
    "date": "Sat, 26 Nov 2022 00:14:41 GMT",
    "via": "http/2 edgeproxy-h",
    "x-amz-replication-status": "COMPLETED",
    "content-length": "206",
    "server": "deno/gcp-asia-northeast2",
    "cache-control": "public, max-age=31536000, immutable"
  },
  "url": "https://deno.land/x/denoflate@1.2.1/mod.ts",
  "now": {
    "secs_since_epoch": 1673959295,
    "nanos_since_epoch": 857994300
  }
}