{
  "headers": {
    "etag": "\"c7e67cf4f74600bb722cb49a908f6269\"",
    "content-security-policy": "default-src 'none'; style-src 'unsafe-inline'; sandbox",
    "cache-control": "public, max-age=31536000, immutable",
    "via": "http/2 edgeproxy-h",
    "access-control-allow-origin": "*",
    "vary": "Accept-Encoding, Origin",
    "date": "Wed, 07 Dec 2022 05:00:07 GMT",
    "x-cache": "Hit from cloudfront",
    "x-amz-replication-status": "COMPLETED",
    "x-amz-version-id": "eHOtirwCUVYJxzfnnz_t26SbMRDft3wT",
    "content-type": "application/typescript; charset=utf-8",
    "server": "deno/gcp-asia-northeast2",
    "x-amz-cf-pop": "NRT51-C4",
    "x-amz-cf-id": "-Mf6XbKHj4a6u377t5cI7U9ynp8srpMSlL285WXU5gh2TFHcOS6eCA==",
    "age": "3570085",
    "last-modified": "Wed, 18 May 2022 13:28:52 GMT",
    "accept-ranges": "bytes",
    "content-length": "820"
  },
  "url": "https://deno.land/std@0.140.0/path/mod.ts",
  "now": {
    "secs_since_epoch": 1673959293,
    "nanos_since_epoch": 52739700
  }
}