{
  "headers": {
    "x-amz-replication-status": "COMPLETED",
    "content-type": "application/typescript; charset=utf-8",
    "etag": "\"f01ad45b38325ff0db0e0adf23f48f1e\"",
    "x-cache": "Hit from cloudfront",
    "accept-ranges": "bytes",
    "last-modified": "Tue, 11 Oct 2022 11:20:49 GMT",
    "x-amz-version-id": "W_Oj5bgehIaNk0dIeJdw._dxGVwoZ.FV",
    "x-amz-cf-id": "IXjP-8ls997I9bb-ba3bz7eUnp8LkwIMSwANmugGgylr7oNGRlTGJw==",
    "date": "Tue, 22 Nov 2022 03:35:39 GMT",
    "vary": "Accept-Encoding, Origin",
    "access-control-allow-origin": "*",
    "server": "deno/gcp-asia-northeast2",
    "content-length": "426",
    "cache-control": "public, max-age=31536000, immutable",
    "content-security-policy": "default-src 'none'; style-src 'unsafe-inline'; sandbox",
    "x-amz-cf-pop": "NRT51-C4",
    "age": "4871151",
    "via": "http/2 edgeproxy-h"
  },
  "url": "https://deno.land/x/fresh@1.1.2/src/dev/deps.ts",
  "now": {
    "secs_since_epoch": 1673959292,
    "nanos_since_epoch": 303404800
  }
}