{
  "headers": {
    "server": "deno/gcp-asia-northeast2",
    "content-type": "application/typescript; charset=utf-8",
    "vary": "Accept-Encoding, Origin",
    "content-security-policy": "default-src 'none'; style-src 'unsafe-inline'; sandbox",
    "etag": "\"377f0aeb33b087b3adba6ac812ff80f1\"",
    "date": "Sat, 10 Dec 2022 09:03:22 GMT",
    "x-cache": "Hit from cloudfront",
    "access-control-allow-origin": "*",
    "via": "http/2 edgeproxy-h",
    "age": "3296293",
    "cache-control": "public, max-age=31536000, immutable",
    "x-amz-replication-status": "COMPLETED",
    "last-modified": "Thu, 28 Jul 2022 16:20:41 GMT",
    "x-amz-cf-id": "yHSQHQSgORUq3kLq8NBOYvuZrxeygu76cIe28tW9PvNwzLTSMR0JjQ==",
    "accept-ranges": "bytes",
    "x-amz-cf-pop": "NRT51-C4",
    "content-length": "12139",
    "x-amz-version-id": "G85f.wzT26IuH14YDMjNRRXSZpM3enAz"
  },
  "url": "https://deno.land/std@0.150.0/media_types/mod.ts",
  "now": {
    "secs_since_epoch": 1673959295,
    "nanos_since_epoch": 793720700
  }
}