{
  "headers": {
    "date": "Mon, 19 Dec 2022 08:18:24 GMT",
    "content-security-policy": "default-src 'none'; style-src 'unsafe-inline'; sandbox",
    "x-amz-replication-status": "COMPLETED",
    "x-amz-cf-id": "PU5HnVrg7I_jqSqwJPDQ9aC0zBlHiMtgN2mWphQ52_hhvO3jaEkmHw==",
    "cache-control": "public, max-age=31536000, immutable",
    "vary": "Accept-Encoding, Origin",
    "age": "2521391",
    "etag": "\"43dc6b8cd1af8d44f2d4ea5f609301e6\"",
    "x-amz-cf-pop": "NRT51-C4",
    "x-amz-version-id": "DXojTlEIU2D5cEoOBZ9Ts59iHxEL4VVm",
    "content-length": "18418",
    "via": "http/2 edgeproxy-h",
    "last-modified": "Thu, 28 Jul 2022 15:33:33 GMT",
    "x-cache": "Hit from cloudfront",
    "access-control-allow-origin": "*",
    "content-type": "application/typescript; charset=utf-8",
    "server": "deno/gcp-asia-northeast2",
    "accept-ranges": "bytes"
  },
  "url": "https://deno.land/x/esbuild@v0.14.51/mod.d.ts",
  "now": {
    "secs_since_epoch": 1673959295,
    "nanos_since_epoch": 802366300
  }
}