{
  "headers": {
    "accept-ranges": "bytes",
    "server": "deno/gcp-asia-northeast2",
    "last-modified": "Thu, 11 Aug 2022 17:50:58 GMT",
    "x-amz-version-id": "AGV5Y25Uvn2Qmm4erEROEPM5bdQD5.Hi",
    "vary": "Accept-Encoding, Origin",
    "x-amz-cf-id": "uQ4GwfuLv9xlaGC0dCzzD3WDYG8H7dviWPBINLbKSqm2p5FYkGU8EA==",
    "content-security-policy": "default-src 'none'; style-src 'unsafe-inline'; sandbox",
    "date": "Mon, 12 Dec 2022 16:45:36 GMT",
    "x-cache": "Hit from cloudfront",
    "content-type": "application/typescript; charset=utf-8",
    "content-length": "23489",
    "x-amz-replication-status": "COMPLETED",
    "age": "3095758",
    "access-control-allow-origin": "*",
    "cache-control": "public, max-age=31536000, immutable",
    "via": "http/2 edgeproxy-h",
    "etag": "\"059f4acea3014121392bb8cddf3965e6\"",
    "x-amz-cf-pop": "NRT51-C4"
  },
  "url": "https://deno.land/std@0.152.0/http/server.ts",
  "now": {
    "secs_since_epoch": 1673959295,
    "nanos_since_epoch": 848301400
  }
}