{
  "headers": {
    "last-modified": "Sat, 03 Sep 2022 01:48:11 GMT",
    "via": "http/2 edgeproxy-h",
    "cache-control": "public, max-age=31536000, immutable",
    "x-amz-replication-status": "COMPLETED",
    "content-security-policy": "default-src 'none'; style-src 'unsafe-inline'; sandbox",
    "x-cache": "Hit from cloudfront",
    "access-control-allow-origin": "*",
    "x-amz-version-id": "_6tSAau5nuOG2H_aFhwwSImx2_XSib32",
    "content-length": "45424",
    "etag": "\"bae92b29c12438710e3d5a4af39cda29\"",
    "x-amz-cf-pop": "NRT51-C4",
    "age": "2894225",
    "server": "deno/gcp-asia-northeast2",
    "x-amz-cf-id": "vkykoft5A4MNk0Cp2xeA68MnNkSW_akoahFK-UoLIbVg2UDSXo7dOw==",
    "content-type": "application/typescript; charset=utf-8",
    "vary": "Accept-Encoding, Origin",
    "accept-ranges": "bytes",
    "date": "Thu, 15 Dec 2022 00:44:27 GMT"
  },
  "url": "https://deno.land/x/ts_morph@16.0.0/common/ts_morph_common.d.ts",
  "now": {
    "secs_since_epoch": 1673959292,
    "nanos_since_epoch": 724144100
  }
}