{
  "headers": {
    "x-amz-version-id": "XC6RlZvQdNpQ2W_V4cSbjP2tYdITf4Q2",
    "server": "deno/gcp-asia-northeast2",
    "content-security-policy": "default-src 'none'; style-src 'unsafe-inline'; sandbox",
    "x-amz-cf-id": "7MojVjDnQhzRCO12uUDR131svXHNLvU4kk2sWBphCmP-yw2Bw78FxQ==",
    "age": "3523867",
    "content-type": "application/typescript; charset=utf-8",
    "x-cache": "Hit from cloudfront",
    "content-length": "568",
    "cache-control": "public, max-age=31536000, immutable",
    "accept-ranges": "bytes",
    "etag": "\"72998957dd4bed7c85c01504a8a9a25f\"",
    "x-amz-replication-status": "COMPLETED",
    "x-amz-cf-pop": "NRT51-C4",
    "access-control-allow-origin": "*",
    "vary": "Accept-Encoding, Origin",
    "via": "http/2 edgeproxy-h",
    "date": "Wed, 07 Dec 2022 17:50:28 GMT",
    "last-modified": "Tue, 11 Oct 2022 11:20:49 GMT"
  },
  "url": "https://deno.land/x/fresh@1.1.2/src/runtime/head.ts",
  "now": {
    "secs_since_epoch": 1673959295,
    "nanos_since_epoch": 604687300
  }
}