{
  "headers": {
    "x-amz-cf-id": "nbPBU0vSlcqgOhbt2yprPNJ95IWaL_r9dldr8rIlAfcwcm8pOQbabQ==",
    "content-security-policy": "default-src 'none'; style-src 'unsafe-inline'; sandbox",
    "server": "deno/gcp-asia-northeast2",
    "vary": "Accept-Encoding, Origin",
    "date": "Mon, 28 Nov 2022 13:40:22 GMT",
    "content-type": "application/typescript; charset=utf-8",
    "content-length": "1244",
    "x-amz-cf-pop": "NRT51-C4",
    "via": "http/2 edgeproxy-h",
    "access-control-allow-origin": "*",
    "etag": "\"3ff84aa8385b9cca76a0958c4cee6863\"",
    "age": "4316472",
    "accept-ranges": "bytes",
    "x-amz-version-id": "6mvdJZV466CffTsg2KB_wI5v_PK9aAoG",
    "last-modified": "Tue, 11 Oct 2022 11:20:49 GMT",
    "x-amz-replication-status": "COMPLETED",
    "x-cache": "Hit from cloudfront",
    "cache-control": "public, max-age=31536000, immutable"
  },
  "url": "https://deno.land/x/fresh@1.1.2/src/server/default_error_page.ts",
  "now": {
    "secs_since_epoch": 1673959295,
    "nanos_since_epoch": 726674100
  }
}