{
  "headers": {
    "date": "Mon, 19 Dec 2022 08:18:26 GMT",
    "accept-ranges": "bytes",
    "etag": "\"f53e9e224301222087058a26da253757\"",
    "last-modified": "Thu, 28 Jul 2022 16:20:39 GMT",
    "access-control-allow-origin": "*",
    "content-type": "application/typescript; charset=utf-8",
    "x-amz-version-id": "DNccv8j_0WxOj6NKY7dDYEhJ3FxflRBi",
    "x-amz-replication-status": "COMPLETED",
    "content-length": "2125",
    "vary": "Accept-Encoding, Origin",
    "x-cache": "Hit from cloudfront",
    "via": "http/2 edgeproxy-h",
    "age": "2521389",
    "content-security-policy": "default-src 'none'; style-src 'unsafe-inline'; sandbox",
    "server": "deno/gcp-asia-northeast2",
    "x-amz-cf-id": "l1bvm5MUq6qMycmkn5Sf-EX7N56wV_wqOfWItH8FbbYmSp-6e8xc6g==",
    "x-amz-cf-pop": "NRT51-C4",
    "cache-control": "public, max-age=31536000, immutable"
  },
  "url": "https://deno.land/std@0.150.0/async/debounce.ts",
  "now": {
    "secs_since_epoch": 1673959296,
    "nanos_since_epoch": 327531600
  }
}