{
  "headers": {
    "server": "deno/gcp-asia-northeast2",
    "etag": "\"b3fbdc7cf1be75414fc8f81abe2c58d8\"",
    "last-modified": "Wed, 18 May 2022 13:28:48 GMT",
    "accept-ranges": "bytes",
    "cache-control": "public, max-age=31536000, immutable",
    "age": "3011253",
    "content-security-policy": "default-src 'none'; style-src 'unsafe-inline'; sandbox",
    "x-amz-replication-status": "COMPLETED",
    "vary": "Accept-Encoding, Origin",
    "content-type": "application/typescript; charset=utf-8",
    "x-amz-version-id": "_.F9np8HzuQMhvQ2M35WtLfFG0bxU6dN",
    "x-amz-cf-pop": "NRT51-C4",
    "x-cache": "Hit from cloudfront",
    "via": "http/2 edgeproxy-h",
    "x-amz-cf-id": "Lp8yY0QPFDS8_YVSPWUiL8YWdqSAHQPm1fXREglbLBEldJ08Ug_cvA==",
    "content-length": "632",
    "date": "Tue, 13 Dec 2022 16:13:58 GMT",
    "access-control-allow-origin": "*"
  },
  "url": "https://deno.land/std@0.140.0/_util/os.ts",
  "now": {
    "secs_since_epoch": 1673959293,
    "nanos_since_epoch": 221032800
  }
}