{
  "headers": {
    "date": "Sat, 03 Dec 2022 08:35:49 GMT",
    "content-type": "application/typescript; charset=utf-8",
    "x-amz-cf-id": "UYM0sajbGAWABUKVzK5AOs2xjvuMgTxNqglCR6_Xb8r0GRjSWQSGpw==",
    "via": "http/2 edgeproxy-h",
    "x-amz-version-id": "mDS7xWrIvRJFzZ_5.EUg0zccrpQ1kPMr",
    "x-cache": "Hit from cloudfront",
    "last-modified": "Tue, 11 Oct 2022 11:20:49 GMT",
    "age": "3902746",
    "vary": "Accept-Encoding, Origin",
    "content-length": "2296",
    "cache-control": "public, max-age=31536000, immutable",
    "content-security-policy": "default-src 'none'; style-src 'unsafe-inline'; sandbox",
    "etag": "\"cadb28150b46b213d80c3bac8ccca636\"",
    "server": "deno/gcp-asia-northeast2",
    "access-control-allow-origin": "*",
    "x-amz-replication-status": "COMPLETED",
    "accept-ranges": "bytes",
    "x-amz-cf-pop": "NRT51-C4"
  },
  "url": "https://deno.land/x/fresh@1.1.2/src/runtime/utils.ts",
  "now": {
    "secs_since_epoch": 1673959295,
    "nanos_since_epoch": 589372000
  }
}