{
  "headers": {
    "x-cache": "Hit from cloudfront",
    "x-amz-replication-status": "COMPLETED",
    "cache-control": "public, max-age=31536000, immutable",
    "date": "Mon, 19 Dec 2022 08:17:25 GMT",
    "content-length": "29876",
    "age": "2521447",
    "server": "deno/gcp-asia-northeast2",
    "accept-ranges": "bytes",
    "access-control-allow-origin": "*",
    "last-modified": "Wed, 18 May 2022 13:28:52 GMT",
    "x-amz-cf-pop": "NRT51-C4",
    "etag": "\"64af2af9113474d47c3eacf23065ea20\"",
    "x-amz-cf-id": "1atl6q3TQVcyTGbl2bMbSMfuN0ow8RIUkHMBqE6nVO3xHmTwQkQ9VA==",
    "content-security-policy": "default-src 'none'; style-src 'unsafe-inline'; sandbox",
    "vary": "Accept-Encoding, Origin",
    "x-amz-version-id": "qDsDLc7Htet9vTqP_ybkOBQ1E2M_foJW",
    "content-type": "application/typescript; charset=utf-8",
    "via": "http/2 edgeproxy-h"
  },
  "url": "https://deno.land/std@0.140.0/path/win32.ts",
  "now": {
    "secs_since_epoch": 1673959294,
    "nanos_since_epoch": 648426800
  }
}