{
  "headers": {
    "access-control-allow-origin": "*",
    "content-type": "application/typescript; charset=utf-8",
    "accept-ranges": "bytes",
    "vary": "Accept-Encoding, Origin",
    "via": "http/2 edgeproxy-h",
    "etag": "\"f51256a95e7e2629752f9cb9db166ac6\"",
    "cache-control": "public, max-age=31536000, immutable",
    "x-amz-version-id": "_kEeijij3E0UAUNT6z2XD55vzVaW2lvs",
    "x-cache": "Hit from cloudfront",
    "date": "Fri, 02 Dec 2022 02:32:13 GMT",
    "last-modified": "Thu, 28 Jul 2022 16:20:44 GMT",
    "age": "4010959",
    "x-amz-cf-id": "pV46I6kOiIAzNz65WPHWwQzrl5WAyBaGCgVztkV4b96NglCiAw3aTA==",
    "content-security-policy": "default-src 'none'; style-src 'unsafe-inline'; sandbox",
    "content-length": "15006",
    "x-amz-cf-pop": "NRT51-C4",
    "x-amz-replication-status": "COMPLETED",
    "server": "deno/gcp-asia-northeast2"
  },
  "url": "https://deno.land/std@0.150.0/path/posix.ts",
  "now": {
    "secs_since_epoch": 1673959292,
    "nanos_since_epoch": 661309800
  }
}