{
  "headers": {
    "accept-ranges": "bytes",
    "content-length": "975",
    "x-amz-replication-status": "COMPLETED",
    "via": "http/2 edgeproxy-h",
    "content-security-policy": "default-src 'none'; style-src 'unsafe-inline'; sandbox",
    "x-amz-cf-pop": "NRT51-C4",
    "etag": "\"417f14f119bca1763a0283428f330f62\"",
    "x-amz-cf-id": "FdyaUAvaZzB4_HQvoSq8l9BpmKqIAxNPqV5Z7ZxyYgbNsJ-G98JsDw==",
    "date": "Sun, 20 Nov 2022 03:00:43 GMT",
    "content-type": "application/typescript; charset=utf-8",
    "last-modified": "Wed, 18 May 2022 13:28:50 GMT",
    "server": "deno/gcp-asia-northeast2",
    "access-control-allow-origin": "*",
    "x-cache": "Hit from cloudfront",
    "age": "5046049",
    "x-amz-version-id": "rUYksYk78.hcGw0xTSFphBCv08By1frR",
    "vary": "Accept-Encoding, Origin",
    "cache-control": "public, max-age=31536000, immutable"
  },
  "url": "https://deno.land/std@0.140.0/fs/_util.ts",
  "now": {
    "secs_since_epoch": 1673959293,
    "nanos_since_epoch": 178523900
  }
}