{
  "headers": {
    "via": "http/2 edgeproxy-h",
    "x-amz-version-id": "CHvYDM_8C6s9oFDAed8XoFDHwHka3xrZ",
    "x-amz-cf-pop": "NRT51-C4",
    "content-length": "39646",
    "content-security-policy": "default-src 'none'; style-src 'unsafe-inline'; sandbox",
    "x-amz-cf-id": "7wvDtfNOJ2izjFeX5Jf0cjwPRsFfvJJawswS5picKsSzZVQcduuG3Q==",
    "date": "Sat, 03 Dec 2022 09:20:48 GMT",
    "access-control-allow-origin": "*",
    "last-modified": "Thu, 28 Jul 2022 16:20:44 GMT",
    "x-cache": "Hit from cloudfront",
    "content-type": "application/typescript; charset=utf-8",
    "vary": "Accept-Encoding, Origin",
    "age": "3900043",
    "etag": "\"dff06c5c307d445d7261bf44c03aef7e\"",
    "accept-ranges": "bytes",
    "x-amz-replication-status": "COMPLETED",
    "server": "deno/gcp-asia-northeast2",
    "cache-control": "public, max-age=31536000, immutable"
  },
  "url": "https://deno.land/std@0.150.0/semver/mod.ts",
  "now": {
    "secs_since_epoch": 1673959292,
    "nanos_since_epoch": 366885500
  }
}