{
  "headers": {
    "date": "Wed, 07 Dec 2022 09:03:45 GMT",
    "content-length": "493018",
    "cache-control": "public, max-age=31536000, immutable",
    "last-modified": "Sat, 03 Sep 2022 01:48:11 GMT",
    "server": "deno/gcp-asia-northeast2",
    "accept-ranges": "bytes",
    "x-cache": "Hit from cloudfront",
    "via": "http/2 edgeproxy-h",
    "x-amz-cf-id": "ZDrDNvrESquK_kYhO1BTJJsxzD0luFI9gnof4RpYIco8_cBGFP5tug==",
    "x-amz-cf-pop": "NRT51-C4",
    "content-type": "application/typescript; charset=utf-8",
    "x-amz-replication-status": "COMPLETED",
    "access-control-allow-origin": "*",
    "etag": "\"1bc69be81b2b09e48e7ab75239d62459\"",
    "age": "3555466",
    "vary": "Accept-Encoding, Origin",
    "x-amz-version-id": "F1EkJtkjOuBQ_v3gjxqZ5hQGlUMQRcoq",
    "content-security-policy": "default-src 'none'; style-src 'unsafe-inline'; sandbox"
  },
  "url": "https://deno.land/x/ts_morph@16.0.0/ts_morph.d.ts",
  "now": {
    "secs_since_epoch": 1673959292,
    "nanos_since_epoch": 575561000
  }
}