{
  "headers": {
    "x-amz-replication-status": "COMPLETED",
    "date": "Thu, 15 Dec 2022 00:44:32 GMT",
    "etag": "\"351842240c07ccc42af071bcad21fca1\"",
    "vary": "Accept-Encoding, Origin",
    "content-security-policy": "default-src 'none'; style-src 'unsafe-inline'; sandbox",
    "last-modified": "Tue, 23 Aug 2022 17:13:03 GMT",
    "x-cache": "Hit from cloudfront",
    "content-length": "7272",
    "age": "2894223",
    "cache-control": "public, max-age=31536000, immutable",
    "x-amz-cf-id": "4c3XgdyK96xsnhRhKtz9YdzBzVdM9HhfD0WkKA39mp3-DnuAHYA1xA==",
    "x-amz-version-id": "ZCRH5VyVNO.71e.xaXurK6z.v8CWOdhR",
    "server": "deno/gcp-asia-northeast2",
    "access-control-allow-origin": "*",
    "accept-ranges": "bytes",
    "content-type": "application/typescript; charset=utf-8",
    "x-amz-cf-pop": "NRT51-C4",
    "via": "http/2 edgeproxy-h"
  },
  "url": "https://deno.land/x/rutt@0.0.13/mod.ts",
  "now": {
    "secs_since_epoch": 1673959295,
    "nanos_since_epoch": 722489500
  }
}