{
  "headers": {
    "content-type": "application/typescript; charset=utf-8",
    "content-length": "964",
    "etag": "\"268cc9235cbc20c0a589934983378ce1\"",
    "via": "http/2 edgeproxy-h",
    "date": "Fri, 16 Dec 2022 05:20:37 GMT",
    "server": "deno/gcp-asia-northeast2",
    "access-control-allow-origin": "*",
    "x-amz-version-id": "nbEuscEolFL2HUtoz6B3N8fTdq.xA9RC",
    "accept-ranges": "bytes",
    "cache-control": "public, max-age=31536000, immutable",
    "x-amz-cf-pop": "NRT51-C4",
    "last-modified": "Sat, 30 Jul 2022 14:25:26 GMT",
    "x-amz-replication-status": "COMPLETED",
    "x-cache": "Hit from cloudfront",
    "x-amz-cf-id": "R5WBQLkFGJ4ReOTAYLs74lrRN6dRv-_lYeH7kukgGfjcqS6CEcNvdA==",
    "content-security-policy": "default-src 'none'; style-src 'unsafe-inline'; sandbox",
    "age": "2791258",
    "vary": "Accept-Encoding, Origin"
  },
  "url": "https://deno.land/x/esbuild_deno_loader@0.5.2/src/shared.ts",
  "now": {
    "secs_since_epoch": 1673959296,
    "nanos_since_epoch": 391846800
  }
}