{
  "headers": {
    "date": "Fri, 16 Dec 2022 05:20:37 GMT",
    "content-length": "618",
    "server": "deno/gcp-asia-northeast2",
    "vary": "Accept-Encoding, Origin",
    "x-amz-cf-pop": "NRT51-C4",
    "x-amz-cf-id": "TOqDz09y3BlZTsGeF3WGOFeOecZSC2g2ksTnzIzk-f8k6O3lEJ4FOg==",
    "content-type": "application/typescript; charset=utf-8",
    "content-security-policy": "default-src 'none'; style-src 'unsafe-inline'; sandbox",
    "via": "http/2 edgeproxy-h",
    "cache-control": "public, max-age=31536000, immutable",
    "accept-ranges": "bytes",
    "x-amz-replication-status": "COMPLETED",
    "age": "2791258",
    "access-control-allow-origin": "*",
    "etag": "\"15c6952b6a9b987fd0230b929ef7077f\"",
    "x-amz-version-id": "NnGDTXE4pEchEQqR6w3dWWcyI9Ke42_k",
    "last-modified": "Thu, 28 Jul 2022 16:20:39 GMT",
    "x-cache": "Hit from cloudfront"
  },
  "url": "https://deno.land/std@0.150.0/async/deadline.ts",
  "now": {
    "secs_since_epoch": 1673959296,
    "nanos_since_epoch": 331027400
  }
}