{
  "headers": {
    "x-amz-replication-status": "COMPLETED",
    "content-length": "688",
    "date": "Tue, 06 Dec 2022 12:24:30 GMT",
    "x-amz-cf-id": "DGfaSOUIqzV-cgioadZRcfEet4FgRwzX24LAF-IDOIDRdiA0966elg==",
    "x-cache": "Hit from cloudfront",
    "accept-ranges": "bytes",
    "age": "3629822",
    "access-control-allow-origin": "*",
    "content-type": "application/typescript; charset=utf-8",
    "server": "deno/gcp-asia-northeast2",
    "x-amz-version-id": "BoAfXTNVD8WsEzDvE7tozBtHxkR2l6jY",
    "vary": "Accept-Encoding, Origin",
    "via": "http/2 edgeproxy-h",
    "content-security-policy": "default-src 'none'; style-src 'unsafe-inline'; sandbox",
    "cache-control": "public, max-age=31536000, immutable",
    "etag": "\"02accf1e304e4cb0f9621961de49a129\"",
    "last-modified": "Fri, 29 Jul 2022 20:07:20 GMT",
    "x-amz-cf-pop": "NRT51-C4"
  },
  "url": "https://deno.land/x/code_block_writer@11.0.3/utils/string_utils.ts",
  "now": {
    "secs_since_epoch": 1673959292,
    "nanos_since_epoch": 720375100
  }
}